-- phpMyAdmin SQL Dump
-- version 4.7.7
-- https://www.phpmyadmin.net/
--
-- Host: localhost:3306
-- Generation Time: May 14, 2018 at 10:11 AM
-- Server version: 5.6.38
-- PHP Version: 5.6.30

SET SQL_MODE = "NO_AUTO_VALUE_ON_ZERO";
SET AUTOCOMMIT = 0;
START TRANSACTION;
SET time_zone = "+00:00";


/*!40101 SET @OLD_CHARACTER_SET_CLIENT=@@CHARACTER_SET_CLIENT */;
/*!40101 SET @OLD_CHARACTER_SET_RESULTS=@@CHARACTER_SET_RESULTS */;
/*!40101 SET @OLD_COLLATION_CONNECTION=@@COLLATION_CONNECTION */;
/*!40101 SET NAMES utf8mb4 */;

--
-- Database: `tameasy_pharma`
--

-- --------------------------------------------------------

--
-- Table structure for table `accounts`
--

CREATE TABLE `accounts` (
  `account_id` varchar(220) NOT NULL,
  `account_table_name` varchar(255) NOT NULL,
  `account_name` varchar(255) NOT NULL,
  `status` int(5) NOT NULL
) ENGINE=InnoDB DEFAULT CHARSET=utf8;

--
-- Dumping data for table `accounts`
--

INSERT INTO `accounts` (`account_id`, `account_table_name`, `account_name`, `status`) VALUES
('ZAHJQBF676', 'outflow_ER7B9HC3EV', 'Test Demo', 1);

-- --------------------------------------------------------

--
-- Table structure for table `bank_add`
--

CREATE TABLE `bank_add` (
  `bank_id` varchar(255) NOT NULL,
  `bank_name` varchar(255) NOT NULL,
  `status` int(2) NOT NULL
) ENGINE=InnoDB DEFAULT CHARSET=utf8;

--
-- Dumping data for table `bank_add`
--

INSERT INTO `bank_add` (`bank_id`, `bank_name`, `status`) VALUES
('LLPOSLPAYC', 'DBBL', 1);

-- --------------------------------------------------------

--
-- Table structure for table `cheque_manger`
--

CREATE TABLE `cheque_manger` (
  `cheque_id` varchar(100) NOT NULL,
  `transection_id` varchar(100) NOT NULL,
  `customer_id` varchar(100) NOT NULL,
  `bank_id` varchar(100) NOT NULL,
  `cheque_no` varchar(100) NOT NULL,
  `date` datetime NOT NULL,
  `transection_type` varchar(100) NOT NULL,
  `cheque_status` int(10) NOT NULL,
  `amount` bigint(10) NOT NULL,
  `status` int(2) NOT NULL
) ENGINE=InnoDB DEFAULT CHARSET=utf8;

-- --------------------------------------------------------

--
-- Table structure for table `ci_sessions`
--

CREATE TABLE `ci_sessions` (
  `id` varchar(128) NOT NULL,
  `ip_address` varchar(45) NOT NULL,
  `timestamp` int(10) UNSIGNED NOT NULL DEFAULT '0',
  `data` blob NOT NULL
) ENGINE=InnoDB DEFAULT CHARSET=utf8;

--
-- Dumping data for table `ci_sessions`
--

INSERT INTO `ci_sessions` (`id`, `ip_address`, `timestamp`, `data`) VALUES
('43ab403d7cc35c2f454073d142979322c96c2302', '172.68.144.154', 1491285941, 0x5f5f63695f6c6173745f726567656e65726174657c693a313439313238353933373b7369645f7765627c733a33303a226e79694b466a65586e79694b466a7a6355666462625279634b646a586262223b757365725f69647c733a313a2231223b757365725f747970657c733a313a2231223b757365725f6e616d657c733a31343a224d616861627562205261686d616e223b757365725f656d61696c7c733a31333a227465737440746573742e636f6d223b),
('47e95053b8ef47f675d0490db50d9612a9e8e0f2', '172.68.144.154', 1491287000, 0x5f5f63695f6c6173745f726567656e65726174657c693a313439313238363939323b7369645f7765627c733a33303a226e79694b466a65586e79694b466a7a6355666462625279634b646a586262223b757365725f69647c733a313a2231223b757365725f747970657c733a313a2231223b757365725f6e616d657c733a31343a224d616861627562205261686d616e223b757365725f656d61696c7c733a31333a227465737440746573742e636f6d223b),
('4ad6ba989c9ea1aafa3b8ce5af5736caa509eb4e', '172.68.144.154', 1491287678, 0x5f5f63695f6c6173745f726567656e65726174657c693a313439313238373334353b7369645f7765627c733a33303a226e79694b466a65586e79694b466a7a6355666462625279634b646a586262223b757365725f69647c733a313a2231223b757365725f747970657c733a313a2231223b757365725f6e616d657c733a31343a224d616861627562205261686d616e223b757365725f656d61696c7c733a31333a227465737440746573742e636f6d223b),
('304be98f379efacd43257084572b8cd0e23a3f6f', '172.68.144.154', 1491287721, 0x5f5f63695f6c6173745f726567656e65726174657c693a313439313238373638353b7369645f7765627c733a33303a226e79694b466a65586e79694b466a7a6355666462625279634b646a586262223b757365725f69647c733a313a2231223b757365725f747970657c733a313a2231223b757365725f6e616d657c733a31343a224d616861627562205261686d616e223b757365725f656d61696c7c733a31333a227465737440746573742e636f6d223b),
('32a3db785686f9da43b8f636b324893e95c6029f', '172.68.144.154', 1491288384, 0x5f5f63695f6c6173745f726567656e65726174657c693a313439313238383231333b7369645f7765627c733a33303a226e79694b466a65586e79694b466a7a6355666462625279634b646a586262223b757365725f69647c733a313a2231223b757365725f747970657c733a313a2231223b757365725f6e616d657c733a31343a224d616861627562205261686d616e223b757365725f656d61696c7c733a31333a227465737440746573742e636f6d223b),
('dc9c1e40f1c3ab71cb9f578084e7d6ff3efcc7dd', '172.68.144.154', 1491289095, 0x5f5f63695f6c6173745f726567656e65726174657c693a313439313238383739373b7369645f7765627c733a33303a226e79694b466a65586e79694b466a7a6355666462625279634b646a586262223b757365725f69647c733a313a2231223b757365725f747970657c733a313a2231223b757365725f6e616d657c733a31343a224d616861627562205261686d616e223b757365725f656d61696c7c733a31333a227465737440746573742e636f6d223b),
('ee5d755e0fd7f813d5642dbf599822e52e27f8b0', '172.68.144.154', 1491289206, 0x5f5f63695f6c6173745f726567656e65726174657c693a313439313238393130303b7369645f7765627c733a33303a226e79694b466a65586e79694b466a7a6355666462625279634b646a586262223b757365725f69647c733a313a2231223b757365725f747970657c733a313a2231223b757365725f6e616d657c733a31343a224d616861627562205261686d616e223b757365725f656d61696c7c733a31333a227465737440746573742e636f6d223b),
('7d39c4664bf92a65878e3a8350335beda0218d85', '172.68.144.154', 1491289597, 0x5f5f63695f6c6173745f726567656e65726174657c693a313439313238393437333b7369645f7765627c733a33303a226e79694b466a65586e79694b466a7a6355666462625279634b646a586262223b757365725f69647c733a313a2231223b757365725f747970657c733a313a2231223b757365725f6e616d657c733a31343a224d616861627562205261686d616e223b757365725f656d61696c7c733a31333a227465737440746573742e636f6d223b),
('b0d890243156af2de86cc32f8292fee55984f2b0', '172.68.144.154', 1491289973, 0x5f5f63695f6c6173745f726567656e65726174657c693a313439313238393833343b7369645f7765627c733a33303a226e79694b466a65586e79694b466a7a6355666462625279634b646a586262223b757365725f69647c733a313a2231223b757365725f747970657c733a313a2231223b757365725f6e616d657c733a31343a224d616861627562205261686d616e223b757365725f656d61696c7c733a31333a227465737440746573742e636f6d223b),
('8d9f1d855956380310fa8003be1d3784a5f0aa92', '172.68.144.154', 1491291502, 0x5f5f63695f6c6173745f726567656e65726174657c693a313439313239313230343b7369645f7765627c733a33303a226e79694b466a65586e79694b466a7a6355666462625279634b646a586262223b757365725f69647c733a313a2231223b757365725f747970657c733a313a2231223b757365725f6e616d657c733a31343a224d616861627562205261686d616e223b757365725f656d61696c7c733a31333a227465737440746573742e636f6d223b),
('b6ae4eabe7ba908a1b41af7200c9494e096b0f8c', '172.68.144.154', 1491291647, 0x5f5f63695f6c6173745f726567656e65726174657c693a313439313239313531303b7369645f7765627c733a33303a226e79694b466a65586e79694b466a7a6355666462625279634b646a586262223b757365725f69647c733a313a2231223b757365725f747970657c733a313a2231223b757365725f6e616d657c733a31343a224d616861627562205261686d616e223b757365725f656d61696c7c733a31333a227465737440746573742e636f6d223b),
('5ef2aa257dfdd637403bd0f3e63c00678e42d827', '172.68.144.154', 1491292329, 0x5f5f63695f6c6173745f726567656e65726174657c693a313439313239323036353b7369645f7765627c733a33303a2265586e79694b466a7966636a5864486565586e79694b466a4b6465586e79223b757365725f69647c733a313a2231223b757365725f747970657c733a313a2231223b757365725f6e616d657c733a31343a224d616861627562205261686d616e223b757365725f656d61696c7c733a31333a227465737440746573742e636f6d223b),
('f8f1a1bf3542b111177f43a9e50e10a3099150e5', '172.68.144.154', 1491292531, 0x5f5f63695f6c6173745f726567656e65726174657c693a313439313239323237363b7369645f7765627c733a33303a226e79694b466a65586e79694b466a7a6355666462625279634b646a586262223b757365725f69647c733a313a2231223b757365725f747970657c733a313a2231223b757365725f6e616d657c733a31343a224d616861627562205261686d616e223b757365725f656d61696c7c733a31333a227465737440746573742e636f6d223b),
('3cf560e1de8b4bd01b45ea6a30b0e2557100b844', '172.68.144.154', 1491293284, 0x5f5f63695f6c6173745f726567656e65726174657c693a313439313239333238343b7369645f7765627c733a33303a2265586e79694b466a7966636a5864486565586e79694b466a4b6465586e79223b757365725f69647c733a313a2231223b757365725f747970657c733a313a2231223b757365725f6e616d657c733a31343a224d616861627562205261686d616e223b757365725f656d61696c7c733a31333a227465737440746573742e636f6d223b),
('1dacf98532db59924611ef1ef5c225562851b2a2', '172.68.144.154', 1491293391, 0x5f5f63695f6c6173745f726567656e65726174657c693a313439313239333339313b7369645f7765627c733a33303a226e79694b466a65586e79694b466a7a6355666462625279634b646a586262223b757365725f69647c733a313a2231223b757365725f747970657c733a313a2231223b757365725f6e616d657c733a31343a224d616861627562205261686d616e223b757365725f656d61696c7c733a31333a227465737440746573742e636f6d223b),
('29a1a9c77e63b48fc04464a61b2168437e0795b7', '162.158.167.183', 1491293455, 0x5f5f63695f6c6173745f726567656e65726174657c693a313439313239333433313b7369645f7765627c733a33313a2265664b64666366655566626164486a58526566666a58526464486a58626558223b757365725f69647c733a313a2231223b757365725f747970657c733a313a2231223b757365725f6e616d657c733a31343a224d616861627562205261686d616e223b757365725f656d61696c7c733a31333a227465737440746573742e636f6d223b),
('d829acf913fe58ad0dbc9de48b2f1831b407f0a2', '162.158.167.183', 1491294071, 0x5f5f63695f6c6173745f726567656e65726174657c693a313439313239343037313b7369645f7765627c733a33313a2265664b64666366655566626164486a58526566666a58526464486a58626558223b757365725f69647c733a313a2231223b757365725f747970657c733a313a2231223b757365725f6e616d657c733a31343a224d616861627562205261686d616e223b757365725f656d61696c7c733a31333a227465737440746573742e636f6d223b),
('0b8ced482662d6cece4f9e6a9ceaceda8448e6b7', '172.68.144.154', 1491294256, 0x5f5f63695f6c6173745f726567656e65726174657c693a313439313239343235353b7369645f7765627c733a33303a226e79694b466a65586e79694b466a7a6355666462625279634b646a586262223b757365725f69647c733a313a2231223b757365725f747970657c733a313a2231223b757365725f6e616d657c733a31343a224d616861627562205261686d616e223b757365725f656d61696c7c733a31333a227465737440746573742e636f6d223b),
('d52e9e0e654a9b317674fd34c113afaf4f9b21ce', '::1', 1491373174, 0x5f5f63695f6c6173745f726567656e65726174657c693a313439313337333137343b7369645f7765627c733a33323a2265586e79694b466a6461556679526252666a586a585264486555666355666665223b757365725f69647c733a313a2231223b757365725f747970657c733a313a2231223b757365725f6e616d657c733a31343a224d616861627562205261686d616e223b757365725f656d61696c7c733a31333a227465737440746573742e636f6d223b),
('6ca062c10448745c71b739f3492137260e043bc5', '::1', 1491373719, 0x5f5f63695f6c6173745f726567656e65726174657c693a313439313337333731393b7369645f7765627c733a33323a2265586e79694b466a6461556679526252666a586a585264486555666355666665223b757365725f69647c733a313a2231223b757365725f747970657c733a313a2231223b757365725f6e616d657c733a31343a224d616861627562205261686d616e223b757365725f656d61696c7c733a31333a227465737440746573742e636f6d223b),
('2cf2ffe9bb72140c3b3dd0efc1ec312977527316', '::1', 1491374045, 0x5f5f63695f6c6173745f726567656e65726174657c693a313439313337343033353b7369645f7765627c733a33323a2265586e79694b466a6461556679526252666a586a585264486555666355666665223b757365725f69647c733a313a2231223b757365725f747970657c733a313a2231223b757365725f6e616d657c733a31343a224d616861627562205261686d616e223b757365725f656d61696c7c733a31333a227465737440746573742e636f6d223b),
('50cde48fe8b3e38f048e81d786b90cdea9e32969', '::1', 1491374785, 0x5f5f63695f6c6173745f726567656e65726174657c693a313439313337343738353b7369645f7765627c733a33323a2265586e79694b466a6461556679526252666a586a585264486555666355666665223b757365725f69647c733a313a2231223b757365725f747970657c733a313a2231223b757365725f6e616d657c733a31343a224d616861627562205261686d616e223b757365725f656d61696c7c733a31333a227465737440746573742e636f6d223b),
('576505b56b8dee0ef052448bdb41718e69cf3879', '::1', 1491375149, 0x5f5f63695f6c6173745f726567656e65726174657c693a313439313337353134393b7369645f7765627c733a33323a2265586e79694b466a6461556679526252666a586a585264486555666355666665223b757365725f69647c733a313a2231223b757365725f747970657c733a313a2231223b757365725f6e616d657c733a31343a224d616861627562205261686d616e223b757365725f656d61696c7c733a31333a227465737440746573742e636f6d223b),
('fd54efedbacf6544b6f58b558a6347f3dacebd8f', '::1', 1491375452, 0x5f5f63695f6c6173745f726567656e65726174657c693a313439313337353435323b7369645f7765627c733a33323a2265586e79694b466a6461556679526252666a586a585264486555666355666665223b757365725f69647c733a313a2231223b757365725f747970657c733a313a2231223b757365725f6e616d657c733a31343a224d616861627562205261686d616e223b757365725f656d61696c7c733a31333a227465737440746573742e636f6d223b),
('b01a4e503c17ccd77e664945af6f20d27598fae2', '::1', 1491376315, 0x5f5f63695f6c6173745f726567656e65726174657c693a313439313337363331353b7369645f7765627c733a33323a2265586e79694b466a6461556679526252666a586a585264486555666355666665223b757365725f69647c733a313a2231223b757365725f747970657c733a313a2231223b757365725f6e616d657c733a31343a224d616861627562205261686d616e223b757365725f656d61696c7c733a31333a227465737440746573742e636f6d223b),
('98dd280b5026aa5d2664fdb94ebc95f614fb90ea', '::1', 1491376616, 0x5f5f63695f6c6173745f726567656e65726174657c693a313439313337363631363b7369645f7765627c733a33323a2265586e79694b466a6461556679526252666a586a585264486555666355666665223b757365725f69647c733a313a2231223b757365725f747970657c733a313a2231223b757365725f6e616d657c733a31343a224d616861627562205261686d616e223b757365725f656d61696c7c733a31333a227465737440746573742e636f6d223b),
('aff5814b2738a5a1fc0cabc4a7158fc36a9c6567', '::1', 1491376919, 0x5f5f63695f6c6173745f726567656e65726174657c693a313439313337363931393b7369645f7765627c733a33323a2265586e79694b466a6461556679526252666a586a585264486555666355666665223b757365725f69647c733a313a2231223b757365725f747970657c733a313a2231223b757365725f6e616d657c733a31343a224d616861627562205261686d616e223b757365725f656d61696c7c733a31333a227465737440746573742e636f6d223b),
('e149c09d9a1b85d6432e65e951c1e6e48cf9e86d', '::1', 1491377372, 0x5f5f63695f6c6173745f726567656e65726174657c693a313439313337373337323b7369645f7765627c733a33323a2265586e79694b466a6461556679526252666a586a585264486555666355666665223b757365725f69647c733a313a2231223b757365725f747970657c733a313a2231223b757365725f6e616d657c733a31343a224d616861627562205261686d616e223b757365725f656d61696c7c733a31333a227465737440746573742e636f6d223b),
('6ef8c61e48f1c4cd7732a0c601124ced97bdebe6', '::1', 1491378182, 0x5f5f63695f6c6173745f726567656e65726174657c693a313439313337383138323b7369645f7765627c733a33323a2265586e79694b466a6461556679526252666a586a585264486555666355666665223b757365725f69647c733a313a2231223b757365725f747970657c733a313a2231223b757365725f6e616d657c733a31343a224d616861627562205261686d616e223b757365725f656d61696c7c733a31333a227465737440746573742e636f6d223b),
('146546dede7fd607ec9af7e0b7bd055fa060deec', '::1', 1491378483, 0x5f5f63695f6c6173745f726567656e65726174657c693a313439313337383438333b7369645f7765627c733a33323a2265586e79694b466a6461556679526252666a586a585264486555666355666665223b757365725f69647c733a313a2231223b757365725f747970657c733a313a2231223b757365725f6e616d657c733a31343a224d616861627562205261686d616e223b757365725f656d61696c7c733a31333a227465737440746573742e636f6d223b),
('297e1649bfd08ff89faaba1a2572ad6ee63a3232', '::1', 1491378833, 0x5f5f63695f6c6173745f726567656e65726174657c693a313439313337383833333b7369645f7765627c733a33323a2265586e79694b466a6461556679526252666a586a585264486555666355666665223b757365725f69647c733a313a2231223b757365725f747970657c733a313a2231223b757365725f6e616d657c733a31343a224d616861627562205261686d616e223b757365725f656d61696c7c733a31333a227465737440746573742e636f6d223b),
('eee1caeeed607fc3a366e43add7e6df8b4e6f783', '::1', 1491379146, 0x5f5f63695f6c6173745f726567656e65726174657c693a313439313337393134363b7369645f7765627c733a33323a2265586e79694b466a6461556679526252666a586a585264486555666355666665223b757365725f69647c733a313a2231223b757365725f747970657c733a313a2231223b757365725f6e616d657c733a31343a224d616861627562205261686d616e223b757365725f656d61696c7c733a31333a227465737440746573742e636f6d223b),
('130712d318d51449f734883f57c0a1d5daae100a', '::1', 1491379453, 0x5f5f63695f6c6173745f726567656e65726174657c693a313439313337393435333b7369645f7765627c733a33323a2265586e79694b466a6461556679526252666a586a585264486555666355666665223b757365725f69647c733a313a2231223b757365725f747970657c733a313a2231223b757365725f6e616d657c733a31343a224d616861627562205261686d616e223b757365725f656d61696c7c733a31333a227465737440746573742e636f6d223b),
('77320efebfdf77302362efd97afefc933969df8d', '::1', 1491379898, 0x5f5f63695f6c6173745f726567656e65726174657c693a313439313337393839383b7369645f7765627c733a33323a2265586e79694b466a6461556679526252666a586a585264486555666355666665223b757365725f69647c733a313a2231223b757365725f747970657c733a313a2231223b757365725f6e616d657c733a31343a224d616861627562205261686d616e223b757365725f656d61696c7c733a31333a227465737440746573742e636f6d223b),
('3dc0149ca4124d3e5a340f3a18709880c8d8e7e1', '::1', 1491380211, 0x5f5f63695f6c6173745f726567656e65726174657c693a313439313338303231313b7369645f7765627c733a33323a2265586e79694b466a6461556679526252666a586a585264486555666355666665223b757365725f69647c733a313a2231223b757365725f747970657c733a313a2231223b757365725f6e616d657c733a31343a224d616861627562205261686d616e223b757365725f656d61696c7c733a31333a227465737440746573742e636f6d223b),
('218bcd8f0d2a30867bccccaafb2fcc71a0dea07e', '::1', 1491381062, 0x5f5f63695f6c6173745f726567656e65726174657c693a313439313338313036323b7369645f7765627c733a33323a2265586e79694b466a6461556679526252666a586a585264486555666355666665223b757365725f69647c733a313a2231223b757365725f747970657c733a313a2231223b757365725f6e616d657c733a31343a224d616861627562205261686d616e223b757365725f656d61696c7c733a31333a227465737440746573742e636f6d223b),
('98a261dbf62274749899dbf0a139b1f76e533c1e', '::1', 1491381445, 0x5f5f63695f6c6173745f726567656e65726174657c693a313439313338313434353b7369645f7765627c733a33323a2265586e79694b466a6461556679526252666a586a585264486555666355666665223b757365725f69647c733a313a2231223b757365725f747970657c733a313a2231223b757365725f6e616d657c733a31343a224d616861627562205261686d616e223b757365725f656d61696c7c733a31333a227465737440746573742e636f6d223b),
('84830579ff896b8fb112e02831493d90a3ade8c8', '::1', 1491381748, 0x5f5f63695f6c6173745f726567656e65726174657c693a313439313338313734383b7369645f7765627c733a33323a2265586e79694b466a6461556679526252666a586a585264486555666355666665223b757365725f69647c733a313a2231223b757365725f747970657c733a313a2231223b757365725f6e616d657c733a31343a224d616861627562205261686d616e223b757365725f656d61696c7c733a31333a227465737440746573742e636f6d223b),
('8d8c3370d2173e82ca8c82ff98c9b8b19c3461f7', '::1', 1491383272, 0x5f5f63695f6c6173745f726567656e65726174657c693a313439313338333237323b7369645f7765627c733a33323a2265586e79694b466a6461556679526252666a586a585264486555666355666665223b757365725f69647c733a313a2231223b757365725f747970657c733a313a2231223b757365725f6e616d657c733a31343a224d616861627562205261686d616e223b757365725f656d61696c7c733a31333a227465737440746573742e636f6d223b),
('096e4741c7aa2662b8837b9d9ac83ad01dd4d48d', '::1', 1491383674, 0x5f5f63695f6c6173745f726567656e65726174657c693a313439313338333637343b7369645f7765627c733a33323a2265586e79694b466a6461556679526252666a586a585264486555666355666665223b757365725f69647c733a313a2231223b757365725f747970657c733a313a2231223b757365725f6e616d657c733a31343a224d616861627562205261686d616e223b757365725f656d61696c7c733a31333a227465737440746573742e636f6d223b),
('d9f45886d27bad9272b536b7ebc6b078616801c4', '::1', 1491384082, 0x5f5f63695f6c6173745f726567656e65726174657c693a313439313338343038323b7369645f7765627c733a33323a2265586e79694b466a6461556679526252666a586a585264486555666355666665223b757365725f69647c733a313a2231223b757365725f747970657c733a313a2231223b757365725f6e616d657c733a31343a224d616861627562205261686d616e223b757365725f656d61696c7c733a31333a227465737440746573742e636f6d223b),
('6895c50da85a021805231de92e84a57d476608c8', '::1', 1491384383, 0x5f5f63695f6c6173745f726567656e65726174657c693a313439313338343338333b7369645f7765627c733a33323a2265586e79694b466a6461556679526252666a586a585264486555666355666665223b757365725f69647c733a313a2231223b757365725f747970657c733a313a2231223b757365725f6e616d657c733a31343a224d616861627562205261686d616e223b757365725f656d61696c7c733a31333a227465737440746573742e636f6d223b),
('128435993d242196dbca43e99d1c4f853c8d7b47', '::1', 1491384727, 0x5f5f63695f6c6173745f726567656e65726174657c693a313439313338343732373b7369645f7765627c733a33323a2265586e79694b466a6461556679526252666a586a585264486555666355666665223b757365725f69647c733a313a2231223b757365725f747970657c733a313a2231223b757365725f6e616d657c733a31343a224d616861627562205261686d616e223b757365725f656d61696c7c733a31333a227465737440746573742e636f6d223b),
('4314984fca35385590917e1d73fea4e622326181', '::1', 1491385062, 0x5f5f63695f6c6173745f726567656e65726174657c693a313439313338353036323b7369645f7765627c733a33323a2265586e79694b466a6461556679526252666a586a585264486555666355666665223b757365725f69647c733a313a2231223b757365725f747970657c733a313a2231223b757365725f6e616d657c733a31343a224d616861627562205261686d616e223b757365725f656d61696c7c733a31333a227465737440746573742e636f6d223b),
('e20dcda32776c1b412044fc6d1689192ebaae890', '::1', 1491385466, 0x5f5f63695f6c6173745f726567656e65726174657c693a313439313338353436363b7369645f7765627c733a33323a2265586e79694b466a6461556679526252666a586a585264486555666355666665223b757365725f69647c733a313a2231223b757365725f747970657c733a313a2231223b757365725f6e616d657c733a31343a224d616861627562205261686d616e223b757365725f656d61696c7c733a31333a227465737440746573742e636f6d223b),
('3237dfe6231ac013d48482320dbf3df2bae07013', '::1', 1491385867, 0x5f5f63695f6c6173745f726567656e65726174657c693a313439313338353836373b7369645f7765627c733a33323a2265586e79694b466a6461556679526252666a586a585264486555666355666665223b757365725f69647c733a313a2231223b757365725f747970657c733a313a2231223b757365725f6e616d657c733a31343a224d616861627562205261686d616e223b757365725f656d61696c7c733a31333a227465737440746573742e636f6d223b),
('28c9cee3a92fc67dbe87d2e64a3f5c9c9d1bbd46', '::1', 1491386254, 0x5f5f63695f6c6173745f726567656e65726174657c693a313439313338363235343b7369645f7765627c733a33323a2265586e79694b466a6461556679526252666a586a585264486555666355666665223b757365725f69647c733a313a2231223b757365725f747970657c733a313a2231223b757365725f6e616d657c733a31343a224d616861627562205261686d616e223b757365725f656d61696c7c733a31333a227465737440746573742e636f6d223b),
('fc9c01a2062bdf0399bc60c6c619ade980779bdc', '::1', 1491386634, 0x5f5f63695f6c6173745f726567656e65726174657c693a313439313338363633343b7369645f7765627c733a33323a2265586e79694b466a6461556679526252666a586a585264486555666355666665223b757365725f69647c733a313a2231223b757365725f747970657c733a313a2231223b757365725f6e616d657c733a31343a224d616861627562205261686d616e223b757365725f656d61696c7c733a31333a227465737440746573742e636f6d223b),
('0d53cb313366a96e476b4fbf4436cc347c7b8be2', '::1', 1491386936, 0x5f5f63695f6c6173745f726567656e65726174657c693a313439313338363933363b7369645f7765627c733a33323a2265586e79694b466a6461556679526252666a586a585264486555666355666665223b757365725f69647c733a313a2231223b757365725f747970657c733a313a2231223b757365725f6e616d657c733a31343a224d616861627562205261686d616e223b757365725f656d61696c7c733a31333a227465737440746573742e636f6d223b),
('ac25727653769e44d80da662a79e98e90d239417', '::1', 1491387247, 0x5f5f63695f6c6173745f726567656e65726174657c693a313439313338373234373b7369645f7765627c733a33323a2265586e79694b466a6461556679526252666a586a585264486555666355666665223b757365725f69647c733a313a2231223b757365725f747970657c733a313a2231223b757365725f6e616d657c733a31343a224d616861627562205261686d616e223b757365725f656d61696c7c733a31333a227465737440746573742e636f6d223b),
('bb526aaad5c40e764bcfe78d0910c18ed9567002', '::1', 1491387643, 0x5f5f63695f6c6173745f726567656e65726174657c693a313439313338373634333b7369645f7765627c733a33323a2265586e79694b466a6461556679526252666a586a585264486555666355666665223b757365725f69647c733a313a2231223b757365725f747970657c733a313a2231223b757365725f6e616d657c733a31343a224d616861627562205261686d616e223b757365725f656d61696c7c733a31333a227465737440746573742e636f6d223b),
('02f207ec8b150ca38a32fcefa481948013dba249', '::1', 1491388788, 0x5f5f63695f6c6173745f726567656e65726174657c693a313439313338383738383b7369645f7765627c733a33323a2265586e79694b466a6461556679526252666a586a585264486555666355666665223b757365725f69647c733a313a2231223b757365725f747970657c733a313a2231223b757365725f6e616d657c733a31343a224d616861627562205261686d616e223b757365725f656d61696c7c733a31333a227465737440746573742e636f6d223b),
('db6534b2cfc9d237350e3a8d585aaa968c77862e', '::1', 1491387989, 0x5f5f63695f6c6173745f726567656e65726174657c693a313439313338373938393b7369645f7765627c733a33323a2265586e79694b466a6461556679526252666a586a585264486555666355666665223b757365725f69647c733a313a2231223b757365725f747970657c733a313a2231223b757365725f6e616d657c733a31343a224d616861627562205261686d616e223b757365725f656d61696c7c733a31333a227465737440746573742e636f6d223b),
('211458395ca75cb8a05b1eaf1d05053202e6c4aa', '::1', 1491388487, 0x5f5f63695f6c6173745f726567656e65726174657c693a313439313338383438373b7369645f7765627c733a33323a2265586e79694b466a6461556679526252666a586a585264486555666355666665223b757365725f69647c733a313a2231223b757365725f747970657c733a313a2231223b757365725f6e616d657c733a31343a224d616861627562205261686d616e223b757365725f656d61696c7c733a31333a227465737440746573742e636f6d223b),
('ec46b3c760ccf6fd6be84e01a902e9a94a6d3c89', '::1', 1491389457, 0x5f5f63695f6c6173745f726567656e65726174657c693a313439313338393435373b7369645f7765627c733a33323a2265586e79694b466a6461556679526252666a586a585264486555666355666665223b757365725f69647c733a313a2231223b757365725f747970657c733a313a2231223b757365725f6e616d657c733a31343a224d616861627562205261686d616e223b757365725f656d61696c7c733a31333a227465737440746573742e636f6d223b),
('78e2574bd2d5aa7da70c507dc10ce3627cce380c', '::1', 1491389127, 0x5f5f63695f6c6173745f726567656e65726174657c693a313439313338393132373b7369645f7765627c733a33323a2265586e79694b466a6461556679526252666a586a585264486555666355666665223b757365725f69647c733a313a2231223b757365725f747970657c733a313a2231223b757365725f6e616d657c733a31343a224d616861627562205261686d616e223b757365725f656d61696c7c733a31333a227465737440746573742e636f6d223b),
('cb5568127781a8f4a4dd5db6b52c4f4b378ff10d', '::1', 1491389799, 0x5f5f63695f6c6173745f726567656e65726174657c693a313439313338393739393b7369645f7765627c733a33323a2265586e79694b466a6461556679526252666a586a585264486555666355666665223b757365725f69647c733a313a2231223b757365725f747970657c733a313a2231223b757365725f6e616d657c733a31343a224d616861627562205261686d616e223b757365725f656d61696c7c733a31333a227465737440746573742e636f6d223b),
('e8aef73d7c365534a3e5579f480ba3e3b86055a2', '::1', 1491390122, 0x5f5f63695f6c6173745f726567656e65726174657c693a313439313339303132323b7369645f7765627c733a33323a2265586e79694b466a6461556679526252666a586a585264486555666355666665223b757365725f69647c733a313a2231223b757365725f747970657c733a313a2231223b757365725f6e616d657c733a31343a224d616861627562205261686d616e223b757365725f656d61696c7c733a31333a227465737440746573742e636f6d223b),
('3c6bc09e5e290afb635958ed06e09f5ea2598a4c', '::1', 1491390424, 0x5f5f63695f6c6173745f726567656e65726174657c693a313439313339303432343b7369645f7765627c733a33323a2265586e79694b466a6461556679526252666a586a585264486555666355666665223b757365725f69647c733a313a2231223b757365725f747970657c733a313a2231223b757365725f6e616d657c733a31343a224d616861627562205261686d616e223b757365725f656d61696c7c733a31333a227465737440746573742e636f6d223b),
('24957e7ee1f37392097e4c5ba090a8936324cddc', '::1', 1491390762, 0x5f5f63695f6c6173745f726567656e65726174657c693a313439313339303736323b7369645f7765627c733a33323a2265586e79694b466a6461556679526252666a586a585264486555666355666665223b757365725f69647c733a313a2231223b757365725f747970657c733a313a2231223b757365725f6e616d657c733a31343a224d616861627562205261686d616e223b757365725f656d61696c7c733a31333a227465737440746573742e636f6d223b),
('ebb2317ac5cba7f748a3606a15393b434d564dae', '::1', 1491391092, 0x5f5f63695f6c6173745f726567656e65726174657c693a313439313339313039323b7369645f7765627c733a33323a2265586e79694b466a6461556679526252666a586a585264486555666355666665223b757365725f69647c733a313a2231223b757365725f747970657c733a313a2231223b757365725f6e616d657c733a31343a224d616861627562205261686d616e223b757365725f656d61696c7c733a31333a227465737440746573742e636f6d223b),
('ca2da8217ca46cc234e7661ae35fc4f363afcf77', '::1', 1491391624, 0x5f5f63695f6c6173745f726567656e65726174657c693a313439313339313632343b7369645f7765627c733a33323a2265586e79694b466a6461556679526252666a586a585264486555666355666665223b757365725f69647c733a313a2231223b757365725f747970657c733a313a2231223b757365725f6e616d657c733a31343a224d616861627562205261686d616e223b757365725f656d61696c7c733a31333a227465737440746573742e636f6d223b),
('0df7b3c30a8acb7a11eb3c378fb635154abe4a55', '::1', 1491391930, 0x5f5f63695f6c6173745f726567656e65726174657c693a313439313339313933303b7369645f7765627c733a33323a2265586e79694b466a6461556679526252666a586a585264486555666355666665223b757365725f69647c733a313a2231223b757365725f747970657c733a313a2231223b757365725f6e616d657c733a31343a224d616861627562205261686d616e223b757365725f656d61696c7c733a31333a227465737440746573742e636f6d223b),
('bb8904efa89599ec89ec8a728c865cc7bc812812', '::1', 1491392238, 0x5f5f63695f6c6173745f726567656e65726174657c693a313439313339323233383b7369645f7765627c733a33323a2265586e79694b466a6461556679526252666a586a585264486555666355666665223b757365725f69647c733a313a2231223b757365725f747970657c733a313a2231223b757365725f6e616d657c733a31343a224d616861627562205261686d616e223b757365725f656d61696c7c733a31333a227465737440746573742e636f6d223b),
('1fb69e1c7984b8ebf8f2a6c0a87eb69b1aba1f65', '::1', 1491392620, 0x5f5f63695f6c6173745f726567656e65726174657c693a313439313339323632303b7369645f7765627c733a33323a2265586e79694b466a6461556679526252666a586a585264486555666355666665223b757365725f69647c733a313a2231223b757365725f747970657c733a313a2231223b757365725f6e616d657c733a31343a224d616861627562205261686d616e223b757365725f656d61696c7c733a31333a227465737440746573742e636f6d223b),
('bbe2cc40d4f9f1fa1ae4d0f3cb245c25837e5e78', '::1', 1491392993, 0x5f5f63695f6c6173745f726567656e65726174657c693a313439313339323939333b7369645f7765627c733a33323a2265586e79694b466a6461556679526252666a586a585264486555666355666665223b757365725f69647c733a313a2231223b757365725f747970657c733a313a2231223b757365725f6e616d657c733a31343a224d616861627562205261686d616e223b757365725f656d61696c7c733a31333a227465737440746573742e636f6d223b),
('aae2fe334aa2c0e99159a87b30c7282c86097477', '::1', 1491393384, 0x5f5f63695f6c6173745f726567656e65726174657c693a313439313339333338343b7369645f7765627c733a33323a2265586e79694b466a6461556679526252666a586a585264486555666355666665223b757365725f69647c733a313a2231223b757365725f747970657c733a313a2231223b757365725f6e616d657c733a31343a224d616861627562205261686d616e223b757365725f656d61696c7c733a31333a227465737440746573742e636f6d223b),
('4ff05552229afb45ab135af3908270f40c05b8df', '::1', 1491393797, 0x5f5f63695f6c6173745f726567656e65726174657c693a313439313339333739373b7369645f7765627c733a33323a2265586e79694b466a6461556679526252666a586a585264486555666355666665223b757365725f69647c733a313a2231223b757365725f747970657c733a313a2231223b757365725f6e616d657c733a31343a224d616861627562205261686d616e223b757365725f656d61696c7c733a31333a227465737440746573742e636f6d223b),
('be6d912796c0dda2d518528eb96d9ddf9254f193', '::1', 1491394140, 0x5f5f63695f6c6173745f726567656e65726174657c693a313439313339343134303b7369645f7765627c733a33323a2265586e79694b466a6461556679526252666a586a585264486555666355666665223b757365725f69647c733a313a2231223b757365725f747970657c733a313a2231223b757365725f6e616d657c733a31343a224d616861627562205261686d616e223b757365725f656d61696c7c733a31333a227465737440746573742e636f6d223b),
('a83121c04e8e8831c9596eebfc03f013a55d4c52', '::1', 1491396245, 0x5f5f63695f6c6173745f726567656e65726174657c693a313439313339363234353b7369645f7765627c733a33323a2265586e79694b466a6461556679526252666a586a585264486555666355666665223b757365725f69647c733a313a2231223b757365725f747970657c733a313a2231223b757365725f6e616d657c733a31343a224d616861627562205261686d616e223b757365725f656d61696c7c733a31333a227465737440746573742e636f6d223b),
('bd69480351e962b5274434c18c8ff7c6fcbecd34', '::1', 1491396245, 0x5f5f63695f6c6173745f726567656e65726174657c693a313439313339363234353b7369645f7765627c733a33323a2265586e79694b466a6461556679526252666a586a585264486555666355666665223b757365725f69647c733a313a2231223b757365725f747970657c733a313a2231223b757365725f6e616d657c733a31343a224d616861627562205261686d616e223b757365725f656d61696c7c733a31333a227465737440746573742e636f6d223b),
('812c1a4c69ef2bf4d19667521504681043ce2af0', '::1', 1491453356, 0x5f5f63695f6c6173745f726567656e65726174657c693a313439313435333335363b7369645f7765627c733a32383a22634b646448666a584b64666463645265586e79694b466a4a79795566223b757365725f69647c733a313a2231223b757365725f747970657c733a313a2231223b757365725f6e616d657c733a31343a224d616861627562205261686d616e223b757365725f656d61696c7c733a31333a227465737440746573742e636f6d223b),
('7af4632c7e50780d766f4c6b602ec6da59ba05be', '::1', 1491453716, 0x5f5f63695f6c6173745f726567656e65726174657c693a313439313435333731363b7369645f7765627c733a32383a22634b646448666a584b64666463645265586e79694b466a4a79795566223b757365725f69647c733a313a2231223b757365725f747970657c733a313a2231223b757365725f6e616d657c733a31343a224d616861627562205261686d616e223b757365725f656d61696c7c733a31333a227465737440746573742e636f6d223b),
('2889a2f532382e54a4de791bb889bc8f7d4a3581', '::1', 1491454043, 0x5f5f63695f6c6173745f726567656e65726174657c693a313439313435343034333b7369645f7765627c733a32383a22634b646448666a584b64666463645265586e79694b466a4a79795566223b757365725f69647c733a313a2231223b757365725f747970657c733a313a2231223b757365725f6e616d657c733a31343a224d616861627562205261686d616e223b757365725f656d61696c7c733a31333a227465737440746573742e636f6d223b),
('6ef40558b3d778f2ac5a18b9b5aee45baab28e6e', '::1', 1491454534, 0x5f5f63695f6c6173745f726567656e65726174657c693a313439313435343533343b7369645f7765627c733a32383a22634b646448666a584b64666463645265586e79694b466a4a79795566223b757365725f69647c733a313a2231223b757365725f747970657c733a313a2231223b757365725f6e616d657c733a31343a224d616861627562205261686d616e223b757365725f656d61696c7c733a31333a227465737440746573742e636f6d223b),
('9cd812a031c7af1a63d8578eed65673d1ed028d7', '::1', 1491454929, 0x5f5f63695f6c6173745f726567656e65726174657c693a313439313435343932393b7369645f7765627c733a32383a22634b646448666a584b64666463645265586e79694b466a4a79795566223b757365725f69647c733a313a2231223b757365725f747970657c733a313a2231223b757365725f6e616d657c733a31343a224d616861627562205261686d616e223b757365725f656d61696c7c733a31333a227465737440746573742e636f6d223b),
('8b2574aba9f71a267c209048786b4b651aa6c97a', '::1', 1491455334, 0x5f5f63695f6c6173745f726567656e65726174657c693a313439313435353333343b7369645f7765627c733a32383a22634b646448666a584b64666463645265586e79694b466a4a79795566223b757365725f69647c733a313a2231223b757365725f747970657c733a313a2231223b757365725f6e616d657c733a31343a224d616861627562205261686d616e223b757365725f656d61696c7c733a31333a227465737440746573742e636f6d223b),
('459b27449efaffb7ff8ed69b6e5f50cda1ca7d6e', '::1', 1491455638, 0x5f5f63695f6c6173745f726567656e65726174657c693a313439313435353633383b7369645f7765627c733a32383a22634b646448666a584b64666463645265586e79694b466a4a79795566223b757365725f69647c733a313a2231223b757365725f747970657c733a313a2231223b757365725f6e616d657c733a31343a224d616861627562205261686d616e223b757365725f656d61696c7c733a31333a227465737440746573742e636f6d223b),
('a55c3ff54f0caf0729352cdbe85de9eaca960230', '::1', 1491455942, 0x5f5f63695f6c6173745f726567656e65726174657c693a313439313435353934323b7369645f7765627c733a32383a22634b646448666a584b64666463645265586e79694b466a4a79795566223b757365725f69647c733a313a2231223b757365725f747970657c733a313a2231223b757365725f6e616d657c733a31343a224d616861627562205261686d616e223b757365725f656d61696c7c733a31333a227465737440746573742e636f6d223b),
('e6716b65d11032f8c76adb3dbd6061e45bc05386', '::1', 1491456552, 0x5f5f63695f6c6173745f726567656e65726174657c693a313439313435363535323b7369645f7765627c733a32383a22634b646448666a584b64666463645265586e79694b466a4a79795566223b757365725f69647c733a313a2231223b757365725f747970657c733a313a2231223b757365725f6e616d657c733a31343a224d616861627562205261686d616e223b757365725f656d61696c7c733a31333a227465737440746573742e636f6d223b),
('882507b6abca72304c2c3c252c3de5a01105ee7e', '::1', 1491456247, 0x5f5f63695f6c6173745f726567656e65726174657c693a313439313435363234373b7369645f7765627c733a32383a22634b646448666a584b64666463645265586e79694b466a4a79795566223b757365725f69647c733a313a2231223b757365725f747970657c733a313a2231223b757365725f6e616d657c733a31343a224d616861627562205261686d616e223b757365725f656d61696c7c733a31333a227465737440746573742e636f6d223b),
('9c67a291308cd609bd4e0f191db2af7dde35763c', '::1', 1491456857, 0x5f5f63695f6c6173745f726567656e65726174657c693a313439313435363835373b7369645f7765627c733a32383a22634b646448666a584b64666463645265586e79694b466a4a79795566223b757365725f69647c733a313a2231223b757365725f747970657c733a313a2231223b757365725f6e616d657c733a31343a224d616861627562205261686d616e223b757365725f656d61696c7c733a31333a227465737440746573742e636f6d223b),
('4868c42890101f919c017d6eda6f671305000402', '::1', 1491457382, 0x5f5f63695f6c6173745f726567656e65726174657c693a313439313435373338323b7369645f7765627c733a32383a22634b646448666a584b64666463645265586e79694b466a4a79795566223b757365725f69647c733a313a2231223b757365725f747970657c733a313a2231223b757365725f6e616d657c733a31343a224d616861627562205261686d616e223b757365725f656d61696c7c733a31333a227465737440746573742e636f6d223b),
('e1de124c77e51d3f8e5d39379e34991c59d2f895', '::1', 1491457739, 0x5f5f63695f6c6173745f726567656e65726174657c693a313439313435373733393b7369645f7765627c733a32383a22634b646448666a584b64666463645265586e79694b466a4a79795566223b757365725f69647c733a313a2231223b757365725f747970657c733a313a2231223b757365725f6e616d657c733a31343a224d616861627562205261686d616e223b757365725f656d61696c7c733a31333a227465737440746573742e636f6d223b),
('812c3e6dbd61c39a28afcd604251bedfb0f2ed62', '::1', 1491458061, 0x5f5f63695f6c6173745f726567656e65726174657c693a313439313435383036313b7369645f7765627c733a32383a22634b646448666a584b64666463645265586e79694b466a4a79795566223b757365725f69647c733a313a2231223b757365725f747970657c733a313a2231223b757365725f6e616d657c733a31343a224d616861627562205261686d616e223b757365725f656d61696c7c733a31333a227465737440746573742e636f6d223b),
('267260457ab2e4a8c3751ed7e2c43079d83c8157', '::1', 1491458405, 0x5f5f63695f6c6173745f726567656e65726174657c693a313439313435383430353b7369645f7765627c733a32383a22634b646448666a584b64666463645265586e79694b466a4a79795566223b757365725f69647c733a313a2231223b757365725f747970657c733a313a2231223b757365725f6e616d657c733a31343a224d616861627562205261686d616e223b757365725f656d61696c7c733a31333a227465737440746573742e636f6d223b5f5f63695f766172737c613a313a7b733a373a226d657373616765223b733a333a226f6c64223b7d),
('8e986908ee5ce17be0530a5c5d962955673d3023', '::1', 1491458719, 0x5f5f63695f6c6173745f726567656e65726174657c693a313439313435383731393b7369645f7765627c733a32383a22634b646448666a584b64666463645265586e79694b466a4a79795566223b757365725f69647c733a313a2231223b757365725f747970657c733a313a2231223b757365725f6e616d657c733a31343a224d616861627562205261686d616e223b757365725f656d61696c7c733a31333a227465737440746573742e636f6d223b),
('3772c44820651e05289694b362dec881342a8c09', '::1', 1491459049, 0x5f5f63695f6c6173745f726567656e65726174657c693a313439313435393034393b7369645f7765627c733a32383a22634b646448666a584b64666463645265586e79694b466a4a79795566223b757365725f69647c733a313a2231223b757365725f747970657c733a313a2231223b757365725f6e616d657c733a31343a224d616861627562205261686d616e223b757365725f656d61696c7c733a31333a227465737440746573742e636f6d223b),
('e56c6ff6a698fbc51d183aeee77780dc8139ed20', '::1', 1491459365, 0x5f5f63695f6c6173745f726567656e65726174657c693a313439313435393336353b7369645f7765627c733a32383a22634b646448666a584b64666463645265586e79694b466a4a79795566223b757365725f69647c733a313a2231223b757365725f747970657c733a313a2231223b757365725f6e616d657c733a31343a224d616861627562205261686d616e223b757365725f656d61696c7c733a31333a227465737440746573742e636f6d223b),
('f5e01077b1cb400aa0deb24374eb0454c4382d73', '::1', 1491459718, 0x5f5f63695f6c6173745f726567656e65726174657c693a313439313435393731383b7369645f7765627c733a32383a22634b646448666a584b64666463645265586e79694b466a4a79795566223b757365725f69647c733a313a2231223b757365725f747970657c733a313a2231223b757365725f6e616d657c733a31343a224d616861627562205261686d616e223b757365725f656d61696c7c733a31333a227465737440746573742e636f6d223b),
('eadf7ad05e27bf41c92608ad8646e4082ee8a9a7', '::1', 1491460020, 0x5f5f63695f6c6173745f726567656e65726174657c693a313439313436303032303b7369645f7765627c733a32383a22634b646448666a584b64666463645265586e79694b466a4a79795566223b757365725f69647c733a313a2231223b757365725f747970657c733a313a2231223b757365725f6e616d657c733a31343a224d616861627562205261686d616e223b757365725f656d61696c7c733a31333a227465737440746573742e636f6d223b),
('57b3fbbe796a57cb5f9992e1918523bd76c733bf', '::1', 1491460555, 0x5f5f63695f6c6173745f726567656e65726174657c693a313439313436303535353b7369645f7765627c733a32383a22634b646448666a584b64666463645265586e79694b466a4a79795566223b757365725f69647c733a313a2231223b757365725f747970657c733a313a2231223b757365725f6e616d657c733a31343a224d616861627562205261686d616e223b757365725f656d61696c7c733a31333a227465737440746573742e636f6d223b),
('42173794f98d89826c120e926cbf6b7ab7d36806', '::1', 1491460942, 0x5f5f63695f6c6173745f726567656e65726174657c693a313439313436303934323b7369645f7765627c733a32383a22634b646448666a584b64666463645265586e79694b466a4a79795566223b757365725f69647c733a313a2231223b757365725f747970657c733a313a2231223b757365725f6e616d657c733a31343a224d616861627562205261686d616e223b757365725f656d61696c7c733a31333a227465737440746573742e636f6d223b),
('fed74964468534d4c96f0e9183796dbe24cb1e1a', '::1', 1491461400, 0x5f5f63695f6c6173745f726567656e65726174657c693a313439313436313430303b7369645f7765627c733a32383a22634b646448666a584b64666463645265586e79694b466a4a79795566223b757365725f69647c733a313a2231223b757365725f747970657c733a313a2231223b757365725f6e616d657c733a31343a224d616861627562205261686d616e223b757365725f656d61696c7c733a31333a227465737440746573742e636f6d223b),
('cc850b31cc4f982049236f29fcac11c68446afd0', '::1', 1491461720, 0x5f5f63695f6c6173745f726567656e65726174657c693a313439313436313732303b7369645f7765627c733a32383a22634b646448666a584b64666463645265586e79694b466a4a79795566223b757365725f69647c733a313a2231223b757365725f747970657c733a313a2231223b757365725f6e616d657c733a31343a224d616861627562205261686d616e223b757365725f656d61696c7c733a31333a227465737440746573742e636f6d223b),
('0fbb72515ccd0a39a1eca59d340cc13e0ec73abc', '::1', 1491462023, 0x5f5f63695f6c6173745f726567656e65726174657c693a313439313436323032333b7369645f7765627c733a32383a22634b646448666a584b64666463645265586e79694b466a4a79795566223b757365725f69647c733a313a2231223b757365725f747970657c733a313a2231223b757365725f6e616d657c733a31343a224d616861627562205261686d616e223b757365725f656d61696c7c733a31333a227465737440746573742e636f6d223b),
('d60725833a4b1ec77bc36d4a0dc6aca4a2e483de', '::1', 1491462381, 0x5f5f63695f6c6173745f726567656e65726174657c693a313439313436323338313b7369645f7765627c733a32383a22634b646448666a584b64666463645265586e79694b466a4a79795566223b757365725f69647c733a313a2231223b757365725f747970657c733a313a2231223b757365725f6e616d657c733a31343a224d616861627562205261686d616e223b757365725f656d61696c7c733a31333a227465737440746573742e636f6d223b),
('e60cd06dd6dedaf2c55d6ee357b1f1a95ca721eb', '::1', 1491462692, 0x5f5f63695f6c6173745f726567656e65726174657c693a313439313436323639323b7369645f7765627c733a32383a22634b646448666a584b64666463645265586e79694b466a4a79795566223b757365725f69647c733a313a2231223b757365725f747970657c733a313a2231223b757365725f6e616d657c733a31343a224d616861627562205261686d616e223b757365725f656d61696c7c733a31333a227465737440746573742e636f6d223b),
('d1a662d31be1ab4db24ea7658f1d0b9a3e20c511', '::1', 1491463101, 0x5f5f63695f6c6173745f726567656e65726174657c693a313439313436333130313b7369645f7765627c733a32383a22634b646448666a584b64666463645265586e79694b466a4a79795566223b757365725f69647c733a313a2231223b757365725f747970657c733a313a2231223b757365725f6e616d657c733a31343a224d616861627562205261686d616e223b757365725f656d61696c7c733a31333a227465737440746573742e636f6d223b),
('7780bab975b315063f17d8fe5bcaedcece757bc7', '::1', 1491463656, 0x5f5f63695f6c6173745f726567656e65726174657c693a313439313436333635363b7369645f7765627c733a32383a22634b646448666a584b64666463645265586e79694b466a4a79795566223b757365725f69647c733a313a2231223b757365725f747970657c733a313a2231223b757365725f6e616d657c733a31343a224d616861627562205261686d616e223b757365725f656d61696c7c733a31333a227465737440746573742e636f6d223b),
('ea30e4da6fc9921b8ac124a53b9574123704d636', '::1', 1491463982, 0x5f5f63695f6c6173745f726567656e65726174657c693a313439313436333938323b7369645f7765627c733a32383a22634b646448666a584b64666463645265586e79694b466a4a79795566223b757365725f69647c733a313a2231223b757365725f747970657c733a313a2231223b757365725f6e616d657c733a31343a224d616861627562205261686d616e223b757365725f656d61696c7c733a31333a227465737440746573742e636f6d223b),
('59c4dd43fc6b3fcfe7c1beb96883ddd9fad5999b', '::1', 1491464376, 0x5f5f63695f6c6173745f726567656e65726174657c693a313439313436343337363b7369645f7765627c733a32383a22634b646448666a584b64666463645265586e79694b466a4a79795566223b757365725f69647c733a313a2231223b757365725f747970657c733a313a2231223b757365725f6e616d657c733a31343a224d616861627562205261686d616e223b757365725f656d61696c7c733a31333a227465737440746573742e636f6d223b),
('33960ad3f4fd0ec81a1244aac7ce7724c3b7bb50', '::1', 1491464693, 0x5f5f63695f6c6173745f726567656e65726174657c693a313439313436343639333b7369645f7765627c733a32383a22634b646448666a584b64666463645265586e79694b466a4a79795566223b757365725f69647c733a313a2231223b757365725f747970657c733a313a2231223b757365725f6e616d657c733a31343a224d616861627562205261686d616e223b757365725f656d61696c7c733a31333a227465737440746573742e636f6d223b),
('84896a7a6c302403714a729f05fbdf7dd8c47007', '::1', 1491464997, 0x5f5f63695f6c6173745f726567656e65726174657c693a313439313436343939373b7369645f7765627c733a32383a22634b646448666a584b64666463645265586e79694b466a4a79795566223b757365725f69647c733a313a2231223b757365725f747970657c733a313a2231223b757365725f6e616d657c733a31343a224d616861627562205261686d616e223b757365725f656d61696c7c733a31333a227465737440746573742e636f6d223b),
('6f06b89db5fae71caae556c86818071609c19147', '::1', 1491465232, 0x5f5f63695f6c6173745f726567656e65726174657c693a313439313436343939373b7369645f7765627c733a32383a22634b646448666a584b64666463645265586e79694b466a4a79795566223b757365725f69647c733a313a2231223b757365725f747970657c733a313a2231223b757365725f6e616d657c733a31343a224d616861627562205261686d616e223b757365725f656d61696c7c733a31333a227465737440746573742e636f6d223b),
('5b2070c96d7a9a34f060a8079514766d8577d7fc', '::1', 1491470651, 0x5f5f63695f6c6173745f726567656e65726174657c693a313439313437303635313b7369645f7765627c733a33303a226448644b64644b646364486448637a616448556664646364487061614b64223b757365725f69647c733a313a2231223b757365725f747970657c733a313a2231223b757365725f6e616d657c733a31343a224d616861627562205261686d616e223b757365725f656d61696c7c733a31333a227465737440746573742e636f6d223b),
('0fa21c7ef990f08b234d9092ab1c4138814ee3b9', '::1', 1491474379, 0x5f5f63695f6c6173745f726567656e65726174657c693a313439313437343337393b7369645f7765627c733a33303a226448644b64644b646364486448637a616448556664646364487061614b64223b757365725f69647c733a313a2231223b757365725f747970657c733a313a2231223b757365725f6e616d657c733a31343a224d616861627562205261686d616e223b757365725f656d61696c7c733a31333a227465737440746573742e636f6d223b),
('aaa3373bce7ade93a509e3c2be0c1c8abb0cfd2e', '::1', 1491474682, 0x5f5f63695f6c6173745f726567656e65726174657c693a313439313437343638323b7369645f7765627c733a33303a226448644b64644b646364486448637a616448556664646364487061614b64223b757365725f69647c733a313a2231223b757365725f747970657c733a313a2231223b757365725f6e616d657c733a31343a224d616861627562205261686d616e223b757365725f656d61696c7c733a31333a227465737440746573742e636f6d223b),
('0742aa8eee743718ab5da4533577dbfec0b36428', '::1', 1491475090, 0x5f5f63695f6c6173745f726567656e65726174657c693a313439313437353039303b7369645f7765627c733a33303a226448644b64644b646364486448637a616448556664646364487061614b64223b757365725f69647c733a313a2231223b757365725f747970657c733a313a2231223b757365725f6e616d657c733a31343a224d616861627562205261686d616e223b757365725f656d61696c7c733a31333a227465737440746573742e636f6d223b),
('37464d5668c1c0749233376b5110e569c78be054', '::1', 1491475924, 0x5f5f63695f6c6173745f726567656e65726174657c693a313439313437353932343b7369645f7765627c733a33303a226448644b64644b646364486448637a616448556664646364487061614b64223b757365725f69647c733a313a2231223b757365725f747970657c733a313a2231223b757365725f6e616d657c733a31343a224d616861627562205261686d616e223b757365725f656d61696c7c733a31333a227465737440746573742e636f6d223b),
('f3d40ae66addb3397d1872dc51e0db1131b924ac', '::1', 1491476195, 0x5f5f63695f6c6173745f726567656e65726174657c693a313439313437353932343b7369645f7765627c733a33303a226448644b64644b646364486448637a616448556664646364487061614b64223b757365725f69647c733a313a2231223b757365725f747970657c733a313a2231223b757365725f6e616d657c733a31343a224d616861627562205261686d616e223b757365725f656d61696c7c733a31333a227465737440746573742e636f6d223b),
('eeb1ec8b88e223b0ec67805fc6d43564d6387790', '::1', 1491476547, 0x5f5f63695f6c6173745f726567656e65726174657c693a313439313437363534373b7369645f7765627c733a32383a2264486665627965796365586e79694b466a7a6a58614b646465666361223b757365725f69647c733a313a2231223b757365725f747970657c733a313a2231223b757365725f6e616d657c733a31343a224d616861627562205261686d616e223b757365725f656d61696c7c733a31333a227465737440746573742e636f6d223b),
('7828daaf208eb738eff73981d9b482c042f3da51', '::1', 1491476854, 0x5f5f63695f6c6173745f726567656e65726174657c693a313439313437363835343b7369645f7765627c733a32383a2264486665627965796365586e79694b466a7a6a58614b646465666361223b757365725f69647c733a313a2231223b757365725f747970657c733a313a2231223b757365725f6e616d657c733a31343a224d616861627562205261686d616e223b757365725f656d61696c7c733a31333a227465737440746573742e636f6d223b5f5f63695f766172737c613a313a7b733a373a226d657373616765223b733a333a226f6c64223b7d),
('3e512dd3afc89d1659fc3480577206b5e62409ba', '::1', 1491477175, 0x5f5f63695f6c6173745f726567656e65726174657c693a313439313437373137353b7369645f7765627c733a32383a2264486665627965796365586e79694b466a7a6a58614b646465666361223b757365725f69647c733a313a2231223b757365725f747970657c733a313a2231223b757365725f6e616d657c733a31343a224d616861627562205261686d616e223b757365725f656d61696c7c733a31333a227465737440746573742e636f6d223b5f5f63695f766172737c613a313a7b733a373a226d657373616765223b733a333a226f6c64223b7d),
('33679f1d472591447b0bfe059a8d25c49a7c5939', '::1', 1491477477, 0x5f5f63695f6c6173745f726567656e65726174657c693a313439313437373437373b7369645f7765627c733a32383a2264486665627965796365586e79694b466a7a6a58614b646465666361223b757365725f69647c733a313a2231223b757365725f747970657c733a313a2231223b757365725f6e616d657c733a31343a224d616861627562205261686d616e223b757365725f656d61696c7c733a31333a227465737440746573742e636f6d223b5f5f63695f766172737c613a313a7b733a31333a226572726f725f6d657373616765223b733a333a226f6c64223b7d),
('fe034d7cf3fcc17c4afbf01dab2540e03d714e0e', '::1', 1491477780, 0x5f5f63695f6c6173745f726567656e65726174657c693a313439313437373738303b7369645f7765627c733a32383a2264486665627965796365586e79694b466a7a6a58614b646465666361223b757365725f69647c733a313a2231223b757365725f747970657c733a313a2231223b757365725f6e616d657c733a31343a224d616861627562205261686d616e223b757365725f656d61696c7c733a31333a227465737440746573742e636f6d223b5f5f63695f766172737c613a313a7b733a31333a226572726f725f6d657373616765223b733a333a226f6c64223b7d);
INSERT INTO `ci_sessions` (`id`, `ip_address`, `timestamp`, `data`) VALUES
('b3db6e0f9e84fd5e64e79d8fcfb13b87d2969213', '::1', 1491478115, 0x5f5f63695f6c6173745f726567656e65726174657c693a313439313437383131353b7369645f7765627c733a32383a2264486665627965796365586e79694b466a7a6a58614b646465666361223b757365725f69647c733a313a2231223b757365725f747970657c733a313a2231223b757365725f6e616d657c733a31343a224d616861627562205261686d616e223b757365725f656d61696c7c733a31333a227465737440746573742e636f6d223b5f5f63695f766172737c613a313a7b733a31333a226572726f725f6d657373616765223b733a333a226f6c64223b7d),
('0f60983495fda8feb0c425e898a67a5f774ca65e', '::1', 1491478442, 0x5f5f63695f6c6173745f726567656e65726174657c693a313439313437383434323b7369645f7765627c733a32383a2264486665627965796365586e79694b466a7a6a58614b646465666361223b757365725f69647c733a313a2231223b757365725f747970657c733a313a2231223b757365725f6e616d657c733a31343a224d616861627562205261686d616e223b757365725f656d61696c7c733a31333a227465737440746573742e636f6d223b5f5f63695f766172737c613a313a7b733a373a226d657373616765223b733a333a226f6c64223b7d),
('776abd8db23502aeba428411858d8e27a79c35f1', '::1', 1491478763, 0x5f5f63695f6c6173745f726567656e65726174657c693a313439313437383736333b7369645f7765627c733a32383a2264486665627965796365586e79694b466a7a6a58614b646465666361223b757365725f69647c733a313a2231223b757365725f747970657c733a313a2231223b757365725f6e616d657c733a31343a224d616861627562205261686d616e223b757365725f656d61696c7c733a31333a227465737440746573742e636f6d223b5f5f63695f766172737c613a313a7b733a373a226d657373616765223b733a333a226f6c64223b7d),
('bc79847b5766206733d0a01548117bfb420e3edb', '::1', 1491479157, 0x5f5f63695f6c6173745f726567656e65726174657c693a313439313437393135373b7369645f7765627c733a32383a2264486665627965796365586e79694b466a7a6a58614b646465666361223b757365725f69647c733a313a2231223b757365725f747970657c733a313a2231223b757365725f6e616d657c733a31343a224d616861627562205261686d616e223b757365725f656d61696c7c733a31333a227465737440746573742e636f6d223b5f5f63695f766172737c613a313a7b733a373a226d657373616765223b733a333a226f6c64223b7d),
('05c502482260f9f3eafeade0bb55f459e1723cdc', '::1', 1491480304, 0x5f5f63695f6c6173745f726567656e65726174657c693a313439313438303330343b7369645f7765627c733a32383a2264486665627965796365586e79694b466a7a6a58614b646465666361223b757365725f69647c733a313a2231223b757365725f747970657c733a313a2231223b757365725f6e616d657c733a31343a224d616861627562205261686d616e223b757365725f656d61696c7c733a31333a227465737440746573742e636f6d223b),
('14c2efdd9734e1ccc2d48521353f2e98d7b6b4c9', '::1', 1491480964, 0x5f5f63695f6c6173745f726567656e65726174657c693a313439313438303936343b7369645f7765627c733a32383a2264486665627965796365586e79694b466a7a6a58614b646465666361223b757365725f69647c733a313a2231223b757365725f747970657c733a313a2231223b757365725f6e616d657c733a31343a224d616861627562205261686d616e223b757365725f656d61696c7c733a31333a227465737440746573742e636f6d223b),
('c611dca1b7e96a9e01c4557400d6bf3c53d9acd8', '::1', 1491481599, 0x5f5f63695f6c6173745f726567656e65726174657c693a313439313438313539393b7369645f7765627c733a32383a2264486665627965796365586e79694b466a7a6a58614b646465666361223b757365725f69647c733a313a2231223b757365725f747970657c733a313a2231223b757365725f6e616d657c733a31343a224d616861627562205261686d616e223b757365725f656d61696c7c733a31333a227465737440746573742e636f6d223b),
('f314f0161f0287183c427f5aab5e97a9a7f93b94', '::1', 1491481617, 0x5f5f63695f6c6173745f726567656e65726174657c693a313439313438313539393b7369645f7765627c733a32383a2264486665627965796365586e79694b466a7a6a58614b646465666361223b757365725f69647c733a313a2231223b757365725f747970657c733a313a2231223b757365725f6e616d657c733a31343a224d616861627562205261686d616e223b757365725f656d61696c7c733a31333a227465737440746573742e636f6d223b),
('530833591da5beec916059b074def41f6f2455b4', '103.225.228.130', 1492590483, 0x5f5f63695f6c6173745f726567656e65726174657c693a313439323539303238323b7369645f7765627c733a33323a226a587065586e79694b466a6a5852644b6465586e79694b466a7a657055667965223b757365725f69647c733a313a2231223b757365725f747970657c733a313a2231223b757365725f6e616d657c733a31343a224d616861627562205261686d616e223b757365725f656d61696c7c733a31333a227465737440746573742e636f6d223b),
('2792ca8673e5d89568587261f2bb3cee4e3d0819', '103.225.228.130', 1492591553, 0x5f5f63695f6c6173745f726567656e65726174657c693a313439323539313235363b7369645f7765627c733a33323a226a587065586e79694b466a6a5852644b6465586e79694b466a7a657055667965223b757365725f69647c733a313a2231223b757365725f747970657c733a313a2231223b757365725f6e616d657c733a31343a224d616861627562205261686d616e223b757365725f656d61696c7c733a31333a227465737440746573742e636f6d223b),
('dec2f1f2e622c264dbab751e27560006f4eb9bec', '103.225.228.130', 1492591825, 0x5f5f63695f6c6173745f726567656e65726174657c693a313439323539313535393b7369645f7765627c733a33323a226a587065586e79694b466a6a5852644b6465586e79694b466a7a657055667965223b757365725f69647c733a313a2231223b757365725f747970657c733a313a2231223b757365725f6e616d657c733a31343a224d616861627562205261686d616e223b757365725f656d61696c7c733a31333a227465737440746573742e636f6d223b),
('06173811f6e2241090ebfb6413f9a01dfe0e958b', '103.225.228.130', 1492592102, 0x5f5f63695f6c6173745f726567656e65726174657c693a313439323539313838383b7369645f7765627c733a33323a226a587065586e79694b466a6a5852644b6465586e79694b466a7a657055667965223b757365725f69647c733a313a2231223b757365725f747970657c733a313a2231223b757365725f6e616d657c733a31343a224d616861627562205261686d616e223b757365725f656d61696c7c733a31333a227465737440746573742e636f6d223b),
('21789aa41b09a1c8ad2a78e25eb305aebf1a0c7d', '162.158.46.41', 1492603398, 0x5f5f63695f6c6173745f726567656e65726174657c693a313439323630333339383b),
('855de0833224efa43fd8185301554a4a716715f1', '103.225.228.130', 1492605742, 0x5f5f63695f6c6173745f726567656e65726174657c693a313439323630353437323b7369645f7765627c733a33323a224a62626666707a4a65586e79694b466a647a6448647a524a65637a5566796379223b757365725f69647c733a313a2231223b757365725f747970657c733a313a2231223b757365725f6e616d657c733a31393a22416c697368657220416b686d61746f76696368223b757365725f656d61696c7c733a31333a227465737440746573742e636f6d223b),
('a81b65b8aab1982582f1310b50d34351167e0813', '103.225.228.130', 1492605872, 0x5f5f63695f6c6173745f726567656e65726174657c693a313439323630353739303b7369645f7765627c733a33323a224a62626666707a4a65586e79694b466a647a6448647a524a65637a5566796379223b757365725f69647c733a313a2231223b757365725f747970657c733a313a2231223b757365725f6e616d657c733a31393a22416c697368657220416b686d61746f76696368223b757365725f656d61696c7c733a31333a227465737440746573742e636f6d223b),
('eafb6719c13e749ab55fdfe499142418f17030c5', '49.244.11.127', 1516985076, 0x5f5f63695f6c6173745f726567656e65726174657c693a313531363938343938323b7369645f7765627c733a33303a2265586e79694b466a556665586e79694b466a665255666a585264654a6a58223b757365725f69647c733a313a2231223b757365725f747970657c733a313a2231223b757365725f6e616d657c733a31393a22416c697368657220416b686d61746f76696368223b757365725f656d61696c7c733a31333a227465737440746573742e636f6d223b),
('9b58a5e0c5536992378d349a3cd5b5e1cc4233c9', '49.244.11.127', 1516985362, 0x5f5f63695f6c6173745f726567656e65726174657c693a313531363938353238383b7369645f7765627c733a33303a2265586e79694b466a556665586e79694b466a665255666a585264654a6a58223b757365725f69647c733a313a2231223b757365725f747970657c733a313a2231223b757365725f6e616d657c733a31393a22416c697368657220416b686d61746f76696368223b757365725f656d61696c7c733a31333a227465737440746573742e636f6d223b),
('0a2d1bb00421766688d83a923dcb442e2867e211', '150.107.205.157', 1518156216, 0x5f5f63695f6c6173745f726567656e65726174657c693a313531383135363034373b),
('afdbc9671969e17d17aa7a0cf4723da50c72b1bf', '150.107.205.157', 1518156163, 0x5f5f63695f6c6173745f726567656e65726174657c693a313531383135363136333b),
('34ffa60b9db244b0ecb66c78041418daed7bbbf6', '183.82.139.36', 1518156225, 0x5f5f63695f6c6173745f726567656e65726174657c693a313531383135363136383b),
('23577e4419930493eae86334fda1a8a030fa8b86', '183.82.231.176', 1518240452, 0x5f5f63695f6c6173745f726567656e65726174657c693a313531383234303435323b),
('6e506851346456fe5b40d8b3e602ce19119dbc0b', '183.82.231.176', 1518240462, 0x5f5f63695f6c6173745f726567656e65726174657c693a313531383234303436323b),
('708cfd5165f8704fd120b93eb7a39d9906af5648', '142.234.162.6', 1518265969, 0x5f5f63695f6c6173745f726567656e65726174657c693a313531383236353936393b),
('1b27d8c236e21bed61dd8307f52ac827e7941132', '142.234.162.5', 1518267563, 0x5f5f63695f6c6173745f726567656e65726174657c693a313531383236373434303b7369645f7765627c733a33303a22646555666262666a587965586e79694b466a4b6465586e79694b466a7964223b757365725f69647c733a313a2231223b757365725f747970657c733a313a2231223b757365725f6e616d657c733a31393a22416c697368657220416b686d61746f76696368223b757365725f656d61696c7c733a31333a227465737440746573742e636f6d223b),
('34a174bea2c442904dcf1930506201a0afbfbee8', '106.215.154.202', 1518268057, 0x5f5f63695f6c6173745f726567656e65726174657c693a313531383236383035373b),
('a197c5c679f3423a8ae2540ef7409a5403772c2a', '139.167.204.123', 1519229955, 0x5f5f63695f6c6173745f726567656e65726174657c693a313531393232393935353b),
('242291957430617a9c6176309c0e86eebfa6243e', '117.221.216.200', 1519797699, 0x5f5f63695f6c6173745f726567656e65726174657c693a313531393739373631393b7369645f7765627c733a32383a22585265586e79694b466a55666465636165586e79694b466a65586e79223b757365725f69647c733a313a2231223b757365725f747970657c733a313a2231223b757365725f6e616d657c733a31393a22416c697368657220416b686d61746f76696368223b757365725f656d61696c7c733a31333a227465737440746573742e636f6d223b),
('3adb894090035f572d44d5096a88f75e41e07791', '103.205.244.123', 1524554208, 0x5f5f63695f6c6173745f726567656e65726174657c693a313532343535343138363b7369645f7765627c733a33313a2263796a586479647061707a7a6462795262625566667a707979666461644862223b757365725f69647c733a313a2231223b757365725f747970657c733a313a2231223b757365725f6e616d657c733a31393a22416c697368657220416b686d61746f76696368223b757365725f656d61696c7c733a31333a227465737440746573742e636f6d223b),
('70c099fc51341d11a61f4680c4466814c58b40b8', '197.237.118.81', 1524646220, 0x5f5f63695f6c6173745f726567656e65726174657c693a313532343634353935333b7369645f7765627c733a32393a2265586e79694b466a657962667064527964526655666a584a707065586e223b757365725f69647c733a313a2231223b757365725f747970657c733a313a2231223b757365725f6e616d657c733a31393a22416c697368657220416b686d61746f76696368223b757365725f656d61696c7c733a31333a227465737440746573742e636f6d223b),
('fff4479a3d1079e8108503fac75e2a85a4551001', '202.51.86.200', 1524849495, 0x5f5f63695f6c6173745f726567656e65726174657c693a313532343834393439353b),
('73fd03c8bc44e41c78b3e2e0adefb8bff998a884', '202.51.86.200', 1524850193, 0x5f5f63695f6c6173745f726567656e65726174657c693a313532343834393839383b7369645f7765627c733a33303a2248666365635252626a584b6465646265586e79694b466a62636562666479223b757365725f69647c733a313a2231223b757365725f747970657c733a313a2231223b757365725f6e616d657c733a31393a22416c697368657220416b686d61746f76696368223b757365725f656d61696c7c733a31333a227465737440746573742e636f6d223b),
('7a55f0a85754f084d4b7ede415dce1e5dd79634e', '202.51.86.200', 1524850281, 0x5f5f63695f6c6173745f726567656e65726174657c693a313532343835303231373b7369645f7765627c733a33303a2248666365635252626a584b6465646265586e79694b466a62636562666479223b757365725f69647c733a313a2231223b757365725f747970657c733a313a2231223b757365725f6e616d657c733a31393a22416c697368657220416b686d61746f76696368223b757365725f656d61696c7c733a31333a227465737440746573742e636f6d223b),
('1f7ffc1cde009ea766113e73cdb4e3dff79f12d0', '103.87.52.231', 1524932058, 0x5f5f63695f6c6173745f726567656e65726174657c693a313532343933323035383b),
('964e118da94ff5cbb533a4d2eddcc5a6dea10553', '103.87.52.231', 1524932557, 0x5f5f63695f6c6173745f726567656e65726174657c693a313532343933323535363b7369645f7765627c733a33323a2265586e79694b466a55665265586e79694b466a6265586e79694b466a79664a79223b757365725f69647c733a313a2231223b757365725f747970657c733a313a2231223b757365725f6e616d657c733a31393a22416c697368657220416b686d61746f76696368223b757365725f656d61696c7c733a31333a227465737440746573742e636f6d223b),
('0019be45a12bd726d2008d5e0a3dd7cb7d1e7164', '106.219.112.196', 1524999624, 0x5f5f63695f6c6173745f726567656e65726174657c693a313532343939393632343b),
('c4f161e8071d04ce2e8fb5783a059ea399e0ad5a', '122.172.137.236', 1525158364, 0x5f5f63695f6c6173745f726567656e65726174657c693a313532353135383132323b7369645f7765627c733a32393a2248796565586e79694b466a614b6464486a586452796565586e79694b46223b757365725f69647c733a313a2231223b757365725f747970657c733a313a2231223b757365725f6e616d657c733a31393a22416c697368657220416b686d61746f76696368223b757365725f656d61696c7c733a31333a227465737440746573742e636f6d223b),
('cebe52cfa2be5a2fc88e62ea4cdbba141480bd79', '122.172.137.236', 1525158449, 0x5f5f63695f6c6173745f726567656e65726174657c693a313532353135383434393b7369645f7765627c733a32393a2248796565586e79694b466a614b6464486a586452796565586e79694b46223b757365725f69647c733a313a2231223b757365725f747970657c733a313a2231223b757365725f6e616d657c733a31393a22416c697368657220416b686d61746f76696368223b757365725f656d61696c7c733a31333a227465737440746573742e636f6d223b),
('20d2de059d668c9357fd9525061d481e2b9649aa', '157.50.7.124', 1525162063, 0x5f5f63695f6c6173745f726567656e65726174657c693a313532353136323033343b7369645f7765627c733a32383a2265586e79694b466a52556670556666646465586e79694b466a527a70223b757365725f69647c733a313a2231223b757365725f747970657c733a313a2231223b757365725f6e616d657c733a31393a22416c697368657220416b686d61746f76696368223b757365725f656d61696c7c733a31333a227465737440746573742e636f6d223b),
('92223a1d872262b25c4d7561de21c8003241f68a', '183.82.229.117', 1525214613, 0x5f5f63695f6c6173745f726567656e65726174657c693a313532353231343631333b),
('d3337aa947d9e0e1764adb09a4c503c81c601dbb', '202.142.79.69', 1525241258, 0x5f5f63695f6c6173745f726567656e65726174657c693a313532353234313235383b),
('c313cf2c0d87c5f2f0d0c011cf0eea6a9f122453', '202.142.79.69', 1525242242, 0x5f5f63695f6c6173745f726567656e65726174657c693a313532353234323031323b7369645f7765627c733a33303a2262796355664a627a796a584a5263654a526a587a646a58526265586e7969223b757365725f69647c733a313a2231223b757365725f747970657c733a313a2231223b757365725f6e616d657c733a31393a22416c697368657220416b686d61746f76696368223b757365725f656d61696c7c733a31333a227465737440746573742e636f6d223b),
('13a145866978d3f66f4eb4426124712e45f4df97', '202.142.79.69', 1525242617, 0x5f5f63695f6c6173745f726567656e65726174657c693a313532353234323332373b7369645f7765627c733a33303a2262796355664a627a796a584a5263654a526a587a646a58526265586e7969223b757365725f69647c733a313a2231223b757365725f747970657c733a313a2231223b757365725f6e616d657c733a31393a22416c697368657220416b686d61746f76696368223b757365725f656d61696c7c733a31333a227465737440746573742e636f6d223b),
('09295fd02cfb8f596567ed2e7c0bb905a7366de6', '202.142.79.69', 1525242715, 0x5f5f63695f6c6173745f726567656e65726174657c693a313532353234323633333b7369645f7765627c733a33303a2262796355664a627a796a584a5263654a526a587a646a58526265586e7969223b757365725f69647c733a313a2231223b757365725f747970657c733a313a2231223b757365725f6e616d657c733a31393a22416c697368657220416b686d61746f76696368223b757365725f656d61696c7c733a31333a227465737440746573742e636f6d223b),
('f66d3a808aba8fbcda57a510bf6b3ddf79eaa52f', '150.107.10.175', 1525265300, 0x5f5f63695f6c6173745f726567656e65726174657c693a313532353236353235303b7369645f7765627c733a33303a22617a6448527a6a584a4b646264486a586563654a4b646a586a5864486463223b757365725f69647c733a313a2231223b757365725f747970657c733a313a2231223b757365725f6e616d657c733a31393a22416c697368657220416b686d61746f76696368223b757365725f656d61696c7c733a31333a227465737440746573742e636f6d223b),
('05926530ea938dea4594e0832dacbb8d108045be', '159.203.196.79', 1525265251, 0x5f5f63695f6c6173745f726567656e65726174657c693a313532353236353235313b),
('3e1edda31f03ab549ae7fa85e6bdb75d2a4b54ce', '116.74.235.96', 1525265461, 0x5f5f63695f6c6173745f726567656e65726174657c693a313532353236353235373b7369645f7765627c733a33313a22654b64626164486265586e79694b466a6a5865586e79694b466a7055666558223b757365725f69647c733a313a2231223b757365725f747970657c733a313a2231223b757365725f6e616d657c733a31393a22416c697368657220416b686d61746f76696368223b757365725f656d61696c7c733a31333a227465737440746573742e636f6d223b),
('d2dfa79dbc4e556bebc7ceff3562f8e9b8766f0f', '150.107.10.175', 1525265754, 0x5f5f63695f6c6173745f726567656e65726174657c693a313532353236353730353b7369645f7765627c733a33303a22617a6448527a6a584a4b646264486a586563654a4b646a586a5864486463223b757365725f69647c733a313a2231223b757365725f747970657c733a313a2231223b757365725f6e616d657c733a31393a22416c697368657220416b686d61746f76696368223b757365725f656d61696c7c733a31333a227465737440746573742e636f6d223b),
('5419844d8100cdeba9b7500710fe978fa01f2133', '150.107.10.175', 1525267135, 0x5f5f63695f6c6173745f726567656e65726174657c693a313532353236363939333b7369645f7765627c733a33303a22617a6448527a6a584a4b646264486a586563654a4b646a586a5864486463223b757365725f69647c733a313a2231223b757365725f747970657c733a313a2231223b757365725f6e616d657c733a31393a22416c697368657220416b686d61746f76696368223b757365725f656d61696c7c733a31333a227465737440746573742e636f6d223b),
('fdaf1b23c61bc93c0f9d7c27eda2cd91918b647c', '116.74.235.96', 1525267101, 0x5f5f63695f6c6173745f726567656e65726174657c693a313532353236373130303b7369645f7765627c733a33313a22654b64626164486265586e79694b466a6a5865586e79694b466a7055666558223b757365725f69647c733a313a2231223b757365725f747970657c733a313a2231223b757365725f6e616d657c733a31393a22416c697368657220416b686d61746f76696368223b757365725f656d61696c7c733a31333a227465737440746573742e636f6d223b),
('e024bf7e1844fc1901f718ba2a1c37df8c868b46', '116.74.235.96', 1525267954, 0x5f5f63695f6c6173745f726567656e65726174657c693a313532353236373933363b7369645f7765627c733a33313a22654b64626164486265586e79694b466a6a5865586e79694b466a7055666558223b757365725f69647c733a313a2231223b757365725f747970657c733a313a2231223b757365725f6e616d657c733a31393a22416c697368657220416b686d61746f76696368223b757365725f656d61696c7c733a31333a227465737440746573742e636f6d223b),
('4b94bcbc7296178ba24789cc0b441f96fec23307', '139.167.180.252', 1525286740, 0x5f5f63695f6c6173745f726567656e65726174657c693a313532353238363639373b7369645f7765627c733a33313a2265586e79694b466a556664637961614a65586e79694b466a6355666a587a64223b757365725f69647c733a313a2231223b757365725f747970657c733a313a2231223b757365725f6e616d657c733a31393a22416c697368657220416b686d61746f76696368223b757365725f656d61696c7c733a31333a227465737440746573742e636f6d223b),
('052b410918085dd6558db37f88949f218096e3a5', '202.142.86.223', 1525324968, 0x5f5f63695f6c6173745f726567656e65726174657c693a313532353332343933333b7369645f7765627c733a32393a2265586e79694b466a4a647965657964484a666a5861654b6452664a6565223b757365725f69647c733a313a2231223b757365725f747970657c733a313a2231223b757365725f6e616d657c733a31393a22416c697368657220416b686d61746f76696368223b757365725f656d61696c7c733a31333a227465737440746573742e636f6d223b),
('082a48d31892a5f8f91e2d4d8248d7b7496a4947', '202.142.86.223', 1525331530, 0x5f5f63695f6c6173745f726567656e65726174657c693a313532353333313531343b7369645f7765627c733a33323a227a79644864486a5865586e79694b466a706464486448646665586e79694b466a223b757365725f69647c733a313a2231223b757365725f747970657c733a313a2231223b757365725f6e616d657c733a31393a22416c697368657220416b686d61746f76696368223b757365725f656d61696c7c733a31333a227465737440746573742e636f6d223b),
('518e1d7be4af07458696ca234106919bcc9e1323', '116.74.239.80', 1525415350, 0x5f5f63695f6c6173745f726567656e65726174657c693a313532353431353335303b),
('77539d3fdcfe965deb8ebd726bf9f3f55fa60d83', '183.82.229.69', 1525433041, 0x5f5f63695f6c6173745f726567656e65726174657c693a313532353433333034303b),
('cb15337f50523c5436951e466436693ec1b72c0f', '183.82.229.69', 1525433045, 0x5f5f63695f6c6173745f726567656e65726174657c693a313532353433333034353b),
('8d18da7dd652de82f3ae7b2d34f632b61953be80', '183.82.19.106', 1525492861, 0x5f5f63695f6c6173745f726567656e65726174657c693a313532353439323834303b7369645f7765627c733a33303a226361664a7a79635265586e79694b466a524b6464484b6455667066556679223b757365725f69647c733a313a2231223b757365725f747970657c733a313a2231223b757365725f6e616d657c733a31393a22416c697368657220416b686d61746f76696368223b757365725f656d61696c7c733a31333a227465737440746573742e636f6d223b),
('a221366a683fed1bec90096c675238c215abbab5', '103.229.84.154', 1525505946, 0x5f5f63695f6c6173745f726567656e65726174657c693a313532353530353636393b7369645f7765627c733a33323a22644b646a584a644863636448664a61667066634b646565586e79694b466a5264223b757365725f69647c733a313a2231223b757365725f747970657c733a313a2231223b757365725f6e616d657c733a31393a22416c697368657220416b686d61746f76696368223b757365725f656d61696c7c733a31333a227465737440746573742e636f6d223b),
('a0146d98d3534fc09ee49e12c7077767dacc2302', '103.229.84.154', 1525506213, 0x5f5f63695f6c6173745f726567656e65726174657c693a313532353530363231333b),
('97fc4ade08b4e155e1f6b981dd2c9669558e1110', '42.111.138.174', 1525514074, 0x5f5f63695f6c6173745f726567656e65726174657c693a313532353531343037343b),
('5372e5e9e0839f11742a687062cbb5a499d96f14', '150.107.10.60', 1525517794, 0x5f5f63695f6c6173745f726567656e65726174657c693a313532353531373736353b7369645f7765627c733a33323a2261644861524b646a5870634b6465556662556663654a524b647a65586e79694b223b757365725f69647c733a313a2231223b757365725f747970657c733a313a2231223b757365725f6e616d657c733a31393a22416c697368657220416b686d61746f76696368223b757365725f656d61696c7c733a31333a227465737440746573742e636f6d223b),
('c88c84cebecf2e971773e7b83778a71ab4b24fec', '150.107.10.60', 1525518245, 0x5f5f63695f6c6173745f726567656e65726174657c693a313532353531383138393b7369645f7765627c733a32383a227a7970636265586e79694b466a656a58644864556670644861616465223b757365725f69647c733a313a2231223b757365725f747970657c733a313a2231223b757365725f6e616d657c733a31393a22416c697368657220416b686d61746f76696368223b757365725f656d61696c7c733a31333a227465737440746573742e636f6d223b),
('be84c94bd4987b0cb8f008cad6c6ecab5f4fbfb7', '103.207.11.30', 1525545651, 0x5f5f63695f6c6173745f726567656e65726174657c693a313532353534353635303b),
('da9ae1379805426498415b58dbafc47356f66356', '157.49.3.38', 1525548934, 0x5f5f63695f6c6173745f726567656e65726174657c693a313532353534383933343b),
('8cfbd34166c6a91a2421615da2c14b614362d7d1', '157.50.249.222', 1525586345, 0x5f5f63695f6c6173745f726567656e65726174657c693a313532353538363236303b7369645f7765627c733a33323a22644a706a586464484b646a586461795263665263525566644864646552706679223b757365725f69647c733a313a2231223b757365725f747970657c733a313a2231223b757365725f6e616d657c733a31393a22416c697368657220416b686d61746f76696368223b757365725f656d61696c7c733a31333a227465737440746573742e636f6d223b),
('d97f4a5b9b092661390a8bdeb85a3459714b5bbf', '103.102.43.3', 1525593062, 0x5f5f63695f6c6173745f726567656e65726174657c693a313532353539323934313b),
('0704799329060667387c528470c464477f622162', '47.29.31.181', 1525629434, 0x5f5f63695f6c6173745f726567656e65726174657c693a313532353632393433343b),
('cb76e41537fbaf83b2aac9dd391db5370e3deb2d', '45.116.233.52', 1525688903, 0x5f5f63695f6c6173745f726567656e65726174657c693a313532353638383732393b7369645f7765627c733a32383a225255665566626a58667965524a6265526a584a7a55664a6563704a7a223b757365725f69647c733a313a2231223b757365725f747970657c733a313a2231223b757365725f6e616d657c733a31393a22416c697368657220416b686d61746f76696368223b757365725f656d61696c7c733a31333a227465737440746573742e636f6d223b),
('ede46d3d91d07e42cf1d48b152119def9d5e8cc9', '47.31.96.207', 1525746006, 0x5f5f63695f6c6173745f726567656e65726174657c693a313532353734353838373b7369645f7765627c733a33313a22654b64706662796270526652667a7a61666261637a556679626a5862656a58223b757365725f69647c733a313a2231223b757365725f747970657c733a313a2231223b757365725f6e616d657c733a31393a22416c697368657220416b686d61746f76696368223b757365725f656d61696c7c733a31333a227465737440746573742e636f6d223b),
('b6b693ca424ab22809a1a1f75c2667c44e42462c', '122.174.246.96', 1525844647, 0x5f5f63695f6c6173745f726567656e65726174657c693a313532353834343634373b),
('3560c158b8a235a3050e19990e9522d0e4417c66', '106.215.60.59', 1525845318, 0x5f5f63695f6c6173745f726567656e65726174657c693a313532353834353034313b7369645f7765627c733a32393a226a58644864486448527962796165586e79694b466a6a584a656a58654b223b757365725f69647c733a313a2231223b757365725f747970657c733a313a2231223b757365725f6e616d657c733a31393a22416c697368657220416b686d61746f76696368223b757365725f656d61696c7c733a31333a227465737440746573742e636f6d223b),
('66ab673dd1b86656b8d6a54231fe16d7be699370', '42.110.147.233', 1525845774, 0x5f5f63695f6c6173745f726567656e65726174657c693a313532353834353633363b7369645f7765627c733a33313a2255667a61797a6470527a5261647a5566556679656a587979644b644b647962223b757365725f69647c733a313a2231223b757365725f747970657c733a313a2231223b757365725f6e616d657c733a31393a22416c697368657220416b686d61746f76696368223b757365725f656d61696c7c733a31333a227465737440746573742e636f6d223b),
('925129c519d28005e1fb9ce3014e95589a30b175', '49.248.65.250', 1525846107, 0x5f5f63695f6c6173745f726567656e65726174657c693a313532353834363130373b),
('27e390428da98ea23a2187d811a80aaf21ea7c70', '49.207.50.88', 1525850616, 0x5f5f63695f6c6173745f726567656e65726174657c693a313532353835303530383b7369645f7765627c733a33313a2265634b6479616170706165586e79694b466a617a5262656a586a5879636a58223b757365725f69647c733a313a2231223b757365725f747970657c733a313a2231223b757365725f6e616d657c733a31393a22416c697368657220416b686d61746f76696368223b757365725f656d61696c7c733a31333a227465737440746573742e636f6d223b),
('486913c4abb9ae0ccfe4c30cac0f38e009d98b83', '27.57.162.34', 1525851605, 0x5f5f63695f6c6173745f726567656e65726174657c693a313532353835313535363b7369645f7765627c733a32383a227962636165586e79694b466a664a64636565586e79694b466a526448223b757365725f69647c733a313a2231223b757365725f747970657c733a313a2231223b757365725f6e616d657c733a31393a22416c697368657220416b686d61746f76696368223b757365725f656d61696c7c733a31333a227465737440746573742e636f6d223b),
('15266f4131e396c0be59468df08db461bff4ba6a', '64.233.173.60', 1525852166, 0x5f5f63695f6c6173745f726567656e65726174657c693a313532353835323036363b7369645f7765627c733a32383a22654b647a6448654b6452525265586e79694b466a5264486a58646552223b757365725f69647c733a313a2231223b757365725f747970657c733a313a2231223b757365725f6e616d657c733a31393a22416c697368657220416b686d61746f76696368223b757365725f656d61696c7c733a31333a227465737440746573742e636f6d223b),
('54a2a96117a4e3de50de8d2751f81ed4f98ffdcd', '47.30.0.34', 1525861143, 0x5f5f63695f6c6173745f726567656e65726174657c693a313532353836313033393b7369645f7765627c733a33303a226e79694b466a4b647a4a4b646162646a587a626479616a586a586a58617a223b757365725f69647c733a313a2231223b757365725f747970657c733a313a2231223b757365725f6e616d657c733a31393a22416c697368657220416b686d61746f76696368223b757365725f656d61696c7c733a31333a227465737440746573742e636f6d223b),
('6ee2e9699f314d545504b05725043c5ade48cc0e', '34.207.98.73', 1525861886, 0x5f5f63695f6c6173745f726567656e65726174657c693a313532353836313838363b),
('7e98c8433ed8c948569179ef1020dc7f3c199db7', '112.133.229.121', 1525864800, 0x5f5f63695f6c6173745f726567656e65726174657c693a313532353836343830303b),
('04f485d2d553b09cfaa4bf4bedeeba201b2ced39', '202.142.79.202', 1525866442, 0x5f5f63695f6c6173745f726567656e65726174657c693a313532353836363330303b7369645f7765627c733a33323a225264624b644b646448656562796a58646270797a6652647a7a7a4a627a65586e223b757365725f69647c733a313a2231223b757365725f747970657c733a313a2231223b757365725f6e616d657c733a31393a22416c697368657220416b686d61746f76696368223b757365725f656d61696c7c733a31333a227465737440746573742e636f6d223b),
('76c633fae005e79b0d8202bb112ade5c553352d3', '112.133.229.121', 1525867136, 0x5f5f63695f6c6173745f726567656e65726174657c693a313532353836373130373b7369645f7765627c733a33313a22486a586a586670524a6464636a586a587964485265586e79694b466a4a6a58223b757365725f69647c733a313a2231223b757365725f747970657c733a313a2231223b757365725f6e616d657c733a31393a22416c697368657220416b686d61746f76696368223b757365725f656d61696c7c733a31333a227465737440746573742e636f6d223b),
('3a64affed1b1bde6461674b2051c0ecbd10ae82a', '202.142.79.202', 1525867613, 0x5f5f63695f6c6173745f726567656e65726174657c693a313532353836373331353b7369645f7765627c733a33323a225264624b644b646448656562796a58646270797a6652647a7a7a4a627a65586e223b757365725f69647c733a313a2231223b757365725f747970657c733a313a2231223b757365725f6e616d657c733a31393a22416c697368657220416b686d61746f76696368223b757365725f656d61696c7c733a31333a227465737440746573742e636f6d223b),
('f82af5fe666469e305eb2ab612f2e93b842f1d17', '202.142.79.202', 1525867733, 0x5f5f63695f6c6173745f726567656e65726174657c693a313532353836373632313b7369645f7765627c733a33323a225264624b644b646448656562796a58646270797a6652647a7a7a4a627a65586e223b757365725f69647c733a313a2231223b757365725f747970657c733a313a2231223b757365725f6e616d657c733a31393a22416c697368657220416b686d61746f76696368223b757365725f656d61696c7c733a31333a227465737440746573742e636f6d223b),
('7a4fe3fe8c12805700704706e206c389f9afe7b5', '42.110.151.81', 1525870451, 0x5f5f63695f6c6173745f726567656e65726174657c693a313532353837303435313b),
('327d337868a0be13efadba2892fc9db9a2e7173e', '45.114.61.59', 1525878821, 0x5f5f63695f6c6173745f726567656e65726174657c693a313532353837383733373b7369645f7765627c733a33313a22644852524a6a584a7965556679654a616a5864664b646665664a6662666448223b757365725f69647c733a313a2231223b757365725f747970657c733a313a2231223b757365725f6e616d657c733a31393a22416c697368657220416b686d61746f76696368223b757365725f656d61696c7c733a31333a227465737440746573742e636f6d223b),
('0a122e31e17c9476cb2580a4eebb95fb276a9c9d', '157.49.179.103', 1525882002, 0x5f5f63695f6c6173745f726567656e65726174657c693a313532353838313938313b7369645f7765627c733a33313a22654b646265794a527a4a644852526365616666524b6479706a587961796a58223b757365725f69647c733a313a2231223b757365725f747970657c733a313a2231223b757365725f6e616d657c733a31393a22416c697368657220416b686d61746f76696368223b757365725f656d61696c7c733a31333a227465737440746573742e636f6d223b),
('1b914e2cf66c424049b6a70299e1674125eee8e4', '103.219.44.66', 1525886305, 0x5f5f63695f6c6173745f726567656e65726174657c693a313532353838363130333b7369645f7765627c733a33313a227052616266644b64656479646255666561626170616164484a7965624a7961223b757365725f69647c733a313a2231223b757365725f747970657c733a313a2231223b757365725f6e616d657c733a31393a22416c697368657220416b686d61746f76696368223b757365725f656d61696c7c733a31333a227465737440746573742e636f6d223b),
('616cc460f4dadbfc5ed704e01cab4b8a06eb3b13', '64.233.173.58', 1525924324, 0x5f5f63695f6c6173745f726567656e65726174657c693a313532353932343032353b7369645f7765627c733a32393a226a584a646661706665586e79694b466a526565586e79694b466a62527a223b757365725f69647c733a313a2231223b757365725f747970657c733a313a2231223b757365725f6e616d657c733a31393a22416c697368657220416b686d61746f76696368223b757365725f656d61696c7c733a31333a227465737440746573742e636f6d223b),
('fbb2f80ac6f3bc2632e191fdf333252d6a6fe017', '106.213.188.123', 1525924348, 0x5f5f63695f6c6173745f726567656e65726174657c693a313532353932343333373b7369645f7765627c733a32393a226a584a646661706665586e79694b466a526565586e79694b466a62527a223b757365725f69647c733a313a2231223b757365725f747970657c733a313a2231223b757365725f6e616d657c733a31393a22416c697368657220416b686d61746f76696368223b757365725f656d61696c7c733a31333a227465737440746573742e636f6d223b),
('58b6ce3c37ab64ebf5088e183915898299953fc0', '121.244.50.135', 1525925668, 0x5f5f63695f6c6173745f726567656e65726174657c693a313532353932353634333b7369645f7765627c733a33323a2262707961797a4a65586e79694b466a706665586e79694b466a65586e79694b46223b757365725f69647c733a313a2231223b757365725f747970657c733a313a2231223b757365725f6e616d657c733a31393a22416c697368657220416b686d61746f76696368223b757365725f656d61696c7c733a31333a227465737440746573742e636f6d223b),
('4a87c9b5851fb8c3de12118e090c8144931929d0', '64.233.173.60', 1525930070, 0x5f5f63695f6c6173745f726567656e65726174657c693a313532353932393935333b7369645f7765627c733a32393a226a584a646661706665586e79694b466a526565586e79694b466a62527a223b757365725f69647c733a313a2231223b757365725f747970657c733a313a2231223b757365725f6e616d657c733a31393a22416c697368657220416b686d61746f76696368223b757365725f656d61696c7c733a31333a227465737440746573742e636f6d223b),
('6326b53421a5e0a1707b90ab6908535f5a77ce42', '41.190.3.186', 1525932461, 0x5f5f63695f6c6173745f726567656e65726174657c693a313532353933323332303b7369645f7765627c733a33303a226465586e79694b466a6664485566795252707a64484b6462527952616662223b757365725f69647c733a313a2231223b757365725f747970657c733a313a2231223b757365725f6e616d657c733a31393a22416c697368657220416b686d61746f76696368223b757365725f656d61696c7c733a31333a227465737440746573742e636f6d223b),
('924938e81933e6dfe5163881c0f71cce0fcc536e', '183.82.139.36', 1525943763, 0x5f5f63695f6c6173745f726567656e65726174657c693a313532353934333733343b7369645f7765627c733a32393a227a556655664b646152524a7a7a656255664a5566666a5862797965586e223b757365725f69647c733a313a2231223b757365725f747970657c733a313a2231223b757365725f6e616d657c733a31393a22416c697368657220416b686d61746f76696368223b757365725f656d61696c7c733a31333a227465737440746573742e636f6d223b),
('89f27f7147e973f4585fa857e4dcf4b141d0ca13', '66.249.93.202', 1525944078, 0x5f5f63695f6c6173745f726567656e65726174657c693a313532353934343037383b),
('6f15b307711032ae4971c53e7073bc9be847b446', '45.117.65.48', 1525956334, 0x5f5f63695f6c6173745f726567656e65726174657c693a313532353935363037303b7369645f7765627c733a33313a22584b646a58636a5864626a587a6a58556670707964627a6663616266655566223b757365725f69647c733a313a2231223b757365725f747970657c733a313a2231223b757365725f6e616d657c733a31393a22416c697368657220416b686d61746f76696368223b757365725f656d61696c7c733a31333a227465737440746573742e636f6d223b),
('bea55b35390fb7afedaaade01bab9af6685f51dd', '45.117.65.48', 1525956585, 0x5f5f63695f6c6173745f726567656e65726174657c693a313532353935363434343b7369645f7765627c733a33313a22584b646a58636a5864626a587a6a58556670707964627a6663616266655566223b757365725f69647c733a313a2231223b757365725f747970657c733a313a2231223b757365725f6e616d657c733a31393a22416c697368657220416b686d61746f76696368223b757365725f656d61696c7c733a31333a227465737440746573742e636f6d223b),
('25799fef663e9c5888c4f239428620ba28a7acdd', '45.117.65.48', 1525957061, 0x5f5f63695f6c6173745f726567656e65726174657c693a313532353935363838303b7369645f7765627c733a33313a22584b646a58636a5864626a587a6a58556670707964627a6663616266655566223b757365725f69647c733a313a2231223b757365725f747970657c733a313a2231223b757365725f6e616d657c733a31393a22416c697368657220416b686d61746f76696368223b757365725f656d61696c7c733a31333a227465737440746573742e636f6d223b),
('0be7a38fa614015c83b3dae34196b7dbde1238b8', '45.117.65.48', 1525957464, 0x5f5f63695f6c6173745f726567656e65726174657c693a313532353935373436343b),
('e326c4de95c43a416c9195d1b8fd42e3945575bd', '60.243.154.134', 1525965037, 0x5f5f63695f6c6173745f726567656e65726174657c693a313532353936343734383b7369645f7765627c733a33303a2265526448797a6165667a666679637062704a644864636a58616262644b64223b757365725f69647c733a313a2231223b757365725f747970657c733a313a2231223b757365725f6e616d657c733a31393a22416c697368657220416b686d61746f76696368223b757365725f656d61696c7c733a31333a227465737440746573742e636f6d223b),
('ec95c33b1dbd405f89ef72e311d8ae12af438714', '60.243.154.134', 1525965347, 0x5f5f63695f6c6173745f726567656e65726174657c693a313532353936353036303b7369645f7765627c733a33303a2265526448797a6165667a666679637062704a644864636a58616262644b64223b757365725f69647c733a313a2231223b757365725f747970657c733a313a2231223b757365725f6e616d657c733a31393a22416c697368657220416b686d61746f76696368223b757365725f656d61696c7c733a31333a227465737440746573742e636f6d223b),
('24167427b164aa112f46046018ddd33986d6caff', '60.243.154.134', 1525965685, 0x5f5f63695f6c6173745f726567656e65726174657c693a313532353936353339373b7369645f7765627c733a33303a2265526448797a6165667a666679637062704a644864636a58616262644b64223b757365725f69647c733a313a2231223b757365725f747970657c733a313a2231223b757365725f6e616d657c733a31393a22416c697368657220416b686d61746f76696368223b757365725f656d61696c7c733a31333a227465737440746573742e636f6d223b),
('51bb18d11d1a201bdd4de21b12304f9abb8a25c2', '60.243.154.134', 1525965833, 0x5f5f63695f6c6173745f726567656e65726174657c693a313532353936353730323b7369645f7765627c733a33303a2265526448797a6165667a666679637062704a644864636a58616262644b64223b757365725f69647c733a313a2231223b757365725f747970657c733a313a2231223b757365725f6e616d657c733a31393a22416c697368657220416b686d61746f76696368223b757365725f656d61696c7c733a31333a227465737440746573742e636f6d223b),
('4fcaf43d951536a485dc560053e62dd8c39b28c5', '60.243.154.134', 1525967099, 0x5f5f63695f6c6173745f726567656e65726174657c693a313532353936363831353b7369645f7765627c733a33313a2265655566637064486a584b644b644a4a7a6a586a58665265586e79694b466a223b757365725f69647c733a313a2231223b757365725f747970657c733a313a2231223b757365725f6e616d657c733a31393a22416c697368657220416b686d61746f76696368223b757365725f656d61696c7c733a31333a227465737440746573742e636f6d223b),
('4be13d71a37a38a6e9b962b91506cf0a9762007d', '60.243.154.134', 1525967401, 0x5f5f63695f6c6173745f726567656e65726174657c693a313532353936373133333b7369645f7765627c733a33313a2265655566637064486a584b644b644a4a7a6a586a58665265586e79694b466a223b757365725f69647c733a313a2231223b757365725f747970657c733a313a2231223b757365725f6e616d657c733a31393a22416c697368657220416b686d61746f76696368223b757365725f656d61696c7c733a31333a227465737440746573742e636f6d223b),
('f5364bf581224b8193cab2438d644eaa0d35f3d0', '60.243.154.134', 1525967685, 0x5f5f63695f6c6173745f726567656e65726174657c693a313532353936373435323b7369645f7765627c733a33313a2265655566637064486a584b644b644a4a7a6a586a58665265586e79694b466a223b757365725f69647c733a313a2231223b757365725f747970657c733a313a2231223b757365725f6e616d657c733a31393a22416c697368657220416b686d61746f76696368223b757365725f656d61696c7c733a31333a227465737440746573742e636f6d223b),
('2dc4914db49c302a67f0adc1170d4fcc10a50f18', '60.243.154.134', 1525968264, 0x5f5f63695f6c6173745f726567656e65726174657c693a313532353936383031303b7369645f7765627c733a33303a2264626179665566556665586e79694b466a644865586e79694b466a646565223b757365725f69647c733a313a2231223b757365725f747970657c733a313a2231223b757365725f6e616d657c733a31393a22416c697368657220416b686d61746f76696368223b757365725f656d61696c7c733a31333a227465737440746573742e636f6d223b),
('d92704e63b53e60f24838c8dc8b6dc66a366a892', '60.243.154.134', 1525968701, 0x5f5f63695f6c6173745f726567656e65726174657c693a313532353936383430363b7369645f7765627c733a33303a2264626179665566556665586e79694b466a644865586e79694b466a646565223b757365725f69647c733a313a2231223b757365725f747970657c733a313a2231223b757365725f6e616d657c733a31393a22416c697368657220416b686d61746f76696368223b757365725f656d61696c7c733a31333a227465737440746573742e636f6d223b),
('c96c4acc731488506cfe5f46ee558a6c12b8d9e9', '60.243.154.134', 1525968793, 0x5f5f63695f6c6173745f726567656e65726174657c693a313532353936383732313b7369645f7765627c733a33303a2264626179665566556665586e79694b466a644865586e79694b466a646565223b757365725f69647c733a313a2231223b757365725f747970657c733a313a2231223b757365725f6e616d657c733a31393a22416c697368657220416b686d61746f76696368223b757365725f656d61696c7c733a31333a227465737440746573742e636f6d223b),
('52c60ab3d41b16f18b03d9981489f1397da78e4b', '197.232.61.253', 1525970100, 0x5f5f63695f6c6173745f726567656e65726174657c693a313532353936393837323b7369645f7765627c733a33303a2252664b6464486161644865644864647a634a7a526a586a584b646a584a79223b757365725f69647c733a313a2231223b757365725f747970657c733a313a2231223b757365725f6e616d657c733a31393a22416c697368657220416b686d61746f76696368223b757365725f656d61696c7c733a31333a227465737440746573742e636f6d223b),
('df0bce696b81f26f94b19472b1f7954e9ef83443', '103.48.111.201', 1525979535, 0x5f5f63695f6c6173745f726567656e65726174657c693a313532353937393533353b),
('8f981c66e0cd33ebf57953cca0dcf6525231ae9e', '45.117.65.48', 1526017196, 0x5f5f63695f6c6173745f726567656e65726174657c693a313532363031363839363b7369645f7765627c733a32383a2265627a664a4a4a61524a6a58556664655566704b646262616165586e223b757365725f69647c733a313a2231223b757365725f747970657c733a313a2231223b757365725f6e616d657c733a31393a22416c697368657220416b686d61746f76696368223b757365725f656d61696c7c733a31333a227465737440746573742e636f6d223b),
('2cb7a473f3a526e363424cb5d1b14b5466240612', '45.117.65.48', 1526017540, 0x5f5f63695f6c6173745f726567656e65726174657c693a313532363031373237323b7369645f7765627c733a32383a2265627a664a4a4a61524a6a58556664655566704b646262616165586e223b757365725f69647c733a313a2231223b757365725f747970657c733a313a2231223b757365725f6e616d657c733a31393a22416c697368657220416b686d61746f76696368223b757365725f656d61696c7c733a31333a227465737440746573742e636f6d223b),
('c78b90810284dd5a22db45aa8e7c2139ece1a032', '45.117.65.48', 1526017858, 0x5f5f63695f6c6173745f726567656e65726174657c693a313532363031373634323b7369645f7765627c733a32383a2265627a664a4a4a61524a6a58556664655566704b646262616165586e223b757365725f69647c733a313a2231223b757365725f747970657c733a313a2231223b757365725f6e616d657c733a31393a22416c697368657220416b686d61746f76696368223b757365725f656d61696c7c733a31333a227465737440746573742e636f6d223b),
('858a60ac47d11f01ec60452de9c182e85c8f1861', '45.117.65.48', 1526018088, 0x5f5f63695f6c6173745f726567656e65726174657c693a313532363031373936373b7369645f7765627c733a32383a2265627a664a4a4a61524a6a58556664655566704b646262616165586e223b757365725f69647c733a313a2231223b757365725f747970657c733a313a2231223b757365725f6e616d657c733a31393a22416c697368657220416b686d61746f76696368223b757365725f656d61696c7c733a31333a227465737440746573742e636f6d223b),
('069658e47b130e3c1365e9b01c81165e9db65e27', '183.82.139.36', 1526018705, 0x5f5f63695f6c6173745f726567656e65726174657c693a313532363031383634323b7369645f7765627c733a32383a224a654b646a586a5862616679647061644865586e79694b466a707a4a223b757365725f69647c733a313a2231223b757365725f747970657c733a313a2231223b757365725f6e616d657c733a31393a22416c697368657220416b686d61746f76696368223b757365725f656d61696c7c733a31333a227465737440746573742e636f6d223b),
('81596f2f3d31f2d41b52a3976f4b238c9ccf081c', '183.82.139.36', 1526019112, 0x5f5f63695f6c6173745f726567656e65726174657c693a313532363031393035333b7369645f7765627c733a32383a224a654b646a586a5862616679647061644865586e79694b466a707a4a223b757365725f69647c733a313a2231223b757365725f747970657c733a313a2231223b757365725f6e616d657c733a31393a22416c697368657220416b686d61746f76696368223b757365725f656d61696c7c733a31333a227465737440746573742e636f6d223b),
('b015af5a14972b4c73f626ca28c96662394a5177', '45.117.65.48', 1526019566, 0x5f5f63695f6c6173745f726567656e65726174657c693a313532363031393536353b7369645f7765627c733a32383a2265627a664a4a4a61524a6a58556664655566704b646262616165586e223b757365725f69647c733a313a2231223b757365725f747970657c733a313a2231223b757365725f6e616d657c733a31393a22416c697368657220416b686d61746f76696368223b757365725f656d61696c7c733a31333a227465737440746573742e636f6d223b),
('108e726a88f459cf470039489255b48ab5d2c8ba', '103.205.244.123', 1526025349, 0x5f5f63695f6c6173745f726567656e65726174657c693a313532363032353332313b7369645f7765627c733a32383a22556652796448526361644870556679796665586e79694b466a4b6466223b757365725f69647c733a313a2231223b757365725f747970657c733a313a2231223b757365725f6e616d657c733a31393a22416c697368657220416b686d61746f76696368223b757365725f656d61696c7c733a31333a227465737440746573742e636f6d223b),
('122ec4d01df19148cec986270ed1cb7613861af9', '45.117.65.48', 1526041066, 0x5f5f63695f6c6173745f726567656e65726174657c693a313532363034303736373b7369645f7765627c733a33323a22664a6165586e79694b466a64654a705262636448626264636a586170617a4b64223b757365725f69647c733a313a2231223b757365725f747970657c733a313a2231223b757365725f6e616d657c733a31393a22416c697368657220416b686d61746f76696368223b757365725f656d61696c7c733a31333a227465737440746573742e636f6d223b),
('2978bdd16d65c86a48f28a13ecfa76a9ba10afcd', '45.117.65.48', 1526041225, 0x5f5f63695f6c6173745f726567656e65726174657c693a313532363034313037353b7369645f7765627c733a33323a22664a6165586e79694b466a64654a705262636448626264636a586170617a4b64223b757365725f69647c733a313a2231223b757365725f747970657c733a313a2231223b757365725f6e616d657c733a31393a22416c697368657220416b686d61746f76696368223b757365725f656d61696c7c733a31333a227465737440746573742e636f6d223b),
('47ee05cc4060e8adbf69d901d9a029eab26e9942', '64.233.173.58', 1526098942, 0x5f5f63695f6c6173745f726567656e65726174657c693a313532363039383934323b),
('9478fe87656a3f7711ba1feaeccc7e6359327d6f', '103.82.210.44', 1526102252, 0x5f5f63695f6c6173745f726567656e65726174657c693a313532363130323034303b7369645f7765627c733a33303a226a5864797a667955666379706a58526552626362704b6455666665586e79223b757365725f69647c733a313a2231223b757365725f747970657c733a313a2231223b757365725f6e616d657c733a31393a22416c697368657220416b686d61746f76696368223b757365725f656d61696c7c733a31333a227465737440746573742e636f6d223b),
('3e43f88310502360ae3f290ba4a82aee26591b02', '122.174.205.240', 1526125809, 0x5f5f63695f6c6173745f726567656e65726174657c693a313532363132353531373b7369645f7765627c733a33313a2265586e79694b466a65586e79694b466a6a586a5862794a64626465586e7969223b757365725f69647c733a313a2231223b757365725f747970657c733a313a2231223b757365725f6e616d657c733a31393a22416c697368657220416b686d61746f76696368223b757365725f656d61696c7c733a31333a227465737440746573742e636f6d223b),
('db1456b978ae99923d1ae0089d2553fedd3f9aba', '122.174.205.240', 1526125831, 0x5f5f63695f6c6173745f726567656e65726174657c693a313532363132353833313b),
('58236244b87d5f46d907dd8ac03909d0464b95d8', '106.76.59.229', 1526127430, 0x5f5f63695f6c6173745f726567656e65726174657c693a313532363132373433303b),
('5a70901a69b0cf5ba7c5c8b9cb6283812bbe20a5', '106.76.59.229', 1526131028, 0x5f5f63695f6c6173745f726567656e65726174657c693a313532363133313030323b),
('d68806b0e9723a7e829b7d75e8fc860cd0114a75', '202.51.86.249', 1526180889, 0x5f5f63695f6c6173745f726567656e65726174657c693a313532363138303831343b7369645f7765627c733a33303a225255664a7a7a4a657964484b6462704a6a586a584b646152796448525566223b757365725f69647c733a313a2231223b757365725f747970657c733a313a2231223b757365725f6e616d657c733a31393a22416c697368657220416b686d61746f76696368223b757365725f656d61696c7c733a31333a227465737440746573742e636f6d223b),
('3857c4c85f757eae25f7f57d25840374aabcc389', '103.111.134.234', 1526210947, 0x5f5f63695f6c6173745f726567656e65726174657c693a313532363231303934373b);

-- --------------------------------------------------------

--
-- Table structure for table `company_information`
--

CREATE TABLE `company_information` (
  `company_id` varchar(250) NOT NULL,
  `company_name` varchar(50) NOT NULL,
  `email` varchar(50) NOT NULL,
  `address` text NOT NULL,
  `mobile` int(11) NOT NULL,
  `website` varchar(50) NOT NULL,
  `status` int(11) NOT NULL
) ENGINE=InnoDB DEFAULT CHARSET=utf8;

--
-- Dumping data for table `company_information`
--

INSERT INTO `company_information` (`company_id`, `company_name`, `email`, `address`, `mobile`, `website`, `status`) VALUES
('NOILG8EGCRXXBWUEUQBM', 'Janu Care', 'bdtask@gmail.com', '98,Green Road,Dhaka', 3243242, 'http://www.bdtask.com', 1);

-- --------------------------------------------------------

--
-- Table structure for table `customer_information`
--

CREATE TABLE `customer_information` (
  `customer_id` varchar(250) NOT NULL,
  `customer_name` varchar(255) DEFAULT NULL,
  `customer_address` varchar(255) NOT NULL,
  `customer_mobile` varchar(100) NOT NULL,
  `customer_email` varchar(100) NOT NULL,
  `status` int(2) NOT NULL
) ENGINE=MyISAM DEFAULT CHARSET=utf8;

--
-- Dumping data for table `customer_information`
--

INSERT INTO `customer_information` (`customer_id`, `customer_name`, `customer_address`, `customer_mobile`, `customer_email`, `status`) VALUES
('93G73FMMTZ7IQ1W', 'new customer', '', '3453453', 'customer@gmail.com', 2),
('TUW3WLOB7LM128Y', 'new customers', '', '43534534', 'customers@gmail.com', 2),
('89LP6SZ6LLOQZSW', 'sssss', 'sad', '353543', 'ssss@gmail.com', 2),
('MFYZNJCLTWV7IUD', 'sssssdddd', '', '345634634', 'ssss@gmail.com', 2),
('TT8SVKPMGT84E5A', 'dsfsadfsa', '', '43534534', 'customersdfsdfsaf@gmail.com', 2),
('LUBO5P6PVXOT31Y', 'csdfsadfhaf', '', '345345345', 'customerssdfsdaf@gmail.com', 2),
('ITYTKKFVLBUEYON', 'OKL', 'LIB', '', '', 1),
('C6QVMS7TJXS66MZ', 'Pikaso Makisutu', '98/A, East Lackx view,West Nkhali', '00011112121', 'maki@blaaa.com', 2),
('MY4MUNPJMR68SYN', 'Casing Orangto', '98/A, East Lackx view,West Nkhali', '098712562747749', 'cas@muku.com', 2),
('35SSXK8R383XXIG', 'Mike Boltu Mian', '231,East Patalipur,Sonamuri', '21119872345', 'boltu@gmail.com', 2),
('VBP5J8J55M7IUT5', 'Modon Lal Box', 'South Ferri Ghat,Padma River,Chandpur ', '0912314567', 'box@lal.com', 2),
('SQIU7DSJPE81QNZ', 'NORMA', 'SEMARANG AJAH', '0987654321', 'ISNAWAN@GMAIL.COM', 2),
('6LDSHSFXM1DXEKH', 'FAIQ', 'SEMARANG JUGA', '897654345678', 'FAIQ@GMAIL.COM', 2),
('TNU86ATUNPTQ9E7', 'xsdfcgvsdx', 'gbsdfbfds', '', '', 1),
('HAB4KIIE89YFME9', 'Walking Customer', 'Demo', '23453245', 'demo@gmail.com', 2),
('KHDCUX58RY6XJ3T', 'pani sir', '', '', '', 1),
('EVCHFFKAHUVMG7Z', 'nl', 'nsk', '0909090909', 'kali@demo.com', 2),
('3KJU44RYQXWTCH1', 'Akash', 's', '0909090909', 'nileshjha2095@gmail.com', 2),
('2PLNXGCMFSZNWXI', 'Sai', '', '123456789', 'sri.niceguy@gmail.com', 2),
('UPSH1QDDPBTRWOH', 'gowtham', 'flat no 301 sai nilayam', '', '', 1),
('3OOO9FOQS5YZDH2', 'krishna', 'asdfadasd', '88883123143', 'krishna123@gmail.com', 2);

-- --------------------------------------------------------

--
-- Table structure for table `customer_ledger`
--

CREATE TABLE `customer_ledger` (
  `transaction_id` varchar(100) NOT NULL,
  `customer_id` varchar(100) NOT NULL,
  `invoice_no` varchar(100) DEFAULT NULL,
  `receipt_no` varchar(50) DEFAULT NULL,
  `amount` int(11) DEFAULT NULL,
  `description` varchar(255) NOT NULL,
  `payment_type` varchar(255) NOT NULL,
  `cheque_no` varchar(255) NOT NULL,
  `date` datetime NOT NULL,
  `status` int(2) NOT NULL
) ENGINE=MyISAM DEFAULT CHARSET=utf8;

--
-- Dumping data for table `customer_ledger`
--

INSERT INTO `customer_ledger` (`transaction_id`, `customer_id`, `invoice_no`, `receipt_no`, `amount`, `description`, `payment_type`, `cheque_no`, `date`, `status`) VALUES
('Q975UJSQP6', '93G73FMMTZ7IQ1W', 'NA', NULL, 0, 'Previous adjustment with software', 'NA', 'NA', '2017-04-05 00:00:00', 1),
('GCH7AEUFQ3', 'TUW3WLOB7LM128Y', 'NA', NULL, 0, 'Previous adjustment with software', 'NA', 'NA', '2017-04-05 00:00:00', 1),
('9X7VPREDI4', 'TT8SVKPMGT84E5A', 'NA', NULL, 0, 'Previous adjustment with software', 'NA', 'NA', '2017-04-05 00:00:00', 1),
('HOWL6Y3M7U', 'LUBO5P6PVXOT31Y', 'NA', NULL, 0, 'Previous adjustment with software', 'NA', 'NA', '2017-04-05 00:00:00', 1),
('642529375794262', 'MFYZNJCLTWV7IUD', '3593473827', NULL, 200, '', '', '', '2017-04-05 00:00:00', 1),
('263735161496658', '93G73FMMTZ7IQ1W', '4744113125', NULL, 200, '', '', '', '2017-04-05 00:00:00', 1),
('594715177761782', '93G73FMMTZ7IQ1W', '7525436455', NULL, 200, '', '', '', '2017-04-05 00:00:00', 1),
('884124542795653', '93G73FMMTZ7IQ1W', '5682226453', NULL, 200, '', '', '', '2017-04-05 00:00:00', 1),
('444928155429746', '93G73FMMTZ7IQ1W', '8917987516', NULL, 200, '', '', '', '2017-04-05 00:00:00', 1),
('839243781194995', '93G73FMMTZ7IQ1W', '5316967541', NULL, 200, '', '', '', '2017-04-05 00:00:00', 1),
('6QM4WHNRVE', 'UPEIHPBKHJVV9C7', 'NA', NULL, 0, 'Previous adjustment with software', 'NA', 'NA', '2017-04-05 00:00:00', 1),
('687769919624358', 'UPEIHPBKHJVV9C7', '8287358954', NULL, 200, '', '', '', '2017-04-05 00:00:00', 1),
('987OG1V6I3VUV4Y', '93G73FMMTZ7IQ1W', NULL, 'HNVQ2SQOPF', 23423, 'sdfsd', '1', '', '2017-04-11 00:00:00', 1),
('SOGD5NF7B9', 'C6QVMS7TJXS66MZ', 'NA', NULL, 100, 'Previous adjustment with software', 'NA', 'NA', '2017-04-11 00:00:00', 1),
('RB2IBF9N2I', 'MY4MUNPJMR68SYN', 'NA', NULL, 500, 'Previous adjustment with software', 'NA', 'NA', '2017-04-11 00:00:00', 1),
('L3NKYQX1HG', '35SSXK8R383XXIG', 'NA', NULL, 0, 'Previous adjustment with software', 'NA', 'NA', '2017-04-11 00:00:00', 1),
('HKMYNVL455', 'VBP5J8J55M7IUT5', 'NA', NULL, 1000, 'Previous adjustment with software', 'NA', 'NA', '2017-04-11 00:00:00', 1),
('836987889721896', '35SSXK8R383XXIG', '4691468853', NULL, 7000, '', '', '', '2017-04-11 00:00:00', 1),
('351919555719896', '35SSXK8R383XXIG', '9925955497', NULL, 33386, '', '', '', '2017-04-11 00:00:00', 1),
('596766256935366', 'MY4MUNPJMR68SYN', '5687162418', NULL, 21043, '', '', '', '2017-04-11 00:00:00', 1),
('382969493324312', '93G73FMMTZ7IQ1W', '8764464745', NULL, 600, '', '', '', '2017-04-11 00:00:00', 1),
('316564166313895', 'UPEIHPBKHJVV9C7', '2865224739', NULL, 600, '', '', '', '2017-04-11 00:00:00', 1),
('375343795354636', 'UPEIHPBKHJVV9C7', '8393718837', NULL, 2500, '', '', '', '2017-04-11 00:00:00', 1),
('328718387161889', 'UPEIHPBKHJVV9C7', '6382139238', NULL, 1917, '', '', '', '2017-04-17 00:00:00', 1),
('983648913192795', 'UPEIHPBKHJVV9C7', '3436948295', NULL, 12, '', '', '', '2017-04-17 00:00:00', 1),
('678334525426892', 'UPEIHPBKHJVV9C7', '9598355759', NULL, 810, '', '', '', '2017-04-18 00:00:00', 1),
('373215294234131', 'UPEIHPBKHJVV9C7', '5161744482', NULL, 200, '', '', '', '2017-04-18 00:00:00', 1),
('117484479879511', 'UPEIHPBKHJVV9C7', '8939863753', NULL, 200, '', '', '', '2017-04-18 00:00:00', 1),
('638869235235688', 'UPEIHPBKHJVV9C7', '8133241233', NULL, 0, '', '', '', '2017-04-18 00:00:00', 1),
('95ADC6GYFK', 'SQIU7DSJPE81QNZ', 'NA', NULL, 9000, 'Previous adjustment with software', 'NA', 'NA', '2017-04-18 00:00:00', 1),
('5YRC2UR3DT', '6LDSHSFXM1DXEKH', 'NA', NULL, 80000, 'Previous adjustment with software', 'NA', 'NA', '2017-04-18 00:00:00', 1),
('442564528741572', 'C6QVMS7TJXS66MZ', '6165263115', NULL, 500, '', '', '', '2017-04-18 00:00:00', 1),
('184756828219959', 'LUBO5P6PVXOT31Y', '5588998834', NULL, 500, '', '', '', '2017-04-18 00:00:00', 1),
('259355588723516', 'LUBO5P6PVXOT31Y', '3368754496', NULL, 305, '', '', '', '2017-04-18 00:00:00', 1),
('994716233176883', 'LUBO5P6PVXOT31Y', '8186445426', NULL, 12, '', '', '', '2017-04-18 00:00:00', 1),
('TVR1G8UWHL', 'ITYTKKFVLBUEYON', 'NA', NULL, 0, 'Previous adjustment with software', 'NA', 'NA', '2017-04-18 00:00:00', 1),
('197364621254427', 'ITYTKKFVLBUEYON', '8537475376', NULL, 10490, '', '', '', '2017-04-18 00:00:00', 1),
('294479552791871', '93G73FMMTZ7IQ1W', '5398294526', NULL, 400, '', '', '', '2017-04-19 00:00:00', 1),
('ZBSLNRWA8Y', 'TNU86ATUNPTQ9E7', 'NA', NULL, 0, 'Previous adjustment with software', 'NA', 'NA', '2017-04-19 00:00:00', 1),
('321583128118663', 'TNU86ATUNPTQ9E7', '3651333263', NULL, 0, '', '', '', '2017-04-19 00:00:00', 1),
('VO578UFV2T', 'HAB4KIIE89YFME9', 'NA', NULL, 0, 'Previous adjustment with software', 'NA', 'NA', '2017-04-19 00:00:00', 1),
('695525769281691', 'HAB4KIIE89YFME9', '4558415141', NULL, 1575, '', '', '', '2017-04-19 00:00:00', 1),
('665547649157348', 'C6QVMS7TJXS66MZ', '1715493788', NULL, 1995, '', '', '', '2017-04-19 00:00:00', 1),
('843359736785595', '35SSXK8R383XXIG', '4121841666', NULL, 374, '', '', '', '2017-04-19 00:00:00', 1),
('699952687473962', 'HAB4KIIE89YFME9', '9295268317', NULL, 0, '', '', '', '2018-04-27 00:00:00', 1),
('44VJF7CPZL', 'KHDCUX58RY6XJ3T', 'NA', NULL, 0, 'Previous adjustment with software', 'NA', 'NA', '2018-05-02 00:00:00', 1),
('281328649696591', 'KHDCUX58RY6XJ3T', '8383717248', NULL, 110, '', '', '', '2018-05-02 00:00:00', 1),
('724648495116972', '35SSXK8R383XXIG', '6763231741', NULL, 1562, '', '', '', '2018-05-05 00:00:00', 1),
('I571EAYVC5', 'EVCHFFKAHUVMG7Z', 'NA', NULL, 0, 'Previous adjustment with software', 'NA', 'NA', '2018-05-09 00:00:00', 1),
('B5VOTBAFZZ', '3KJU44RYQXWTCH1', 'NA', NULL, 0, 'Previous adjustment with software', 'NA', 'NA', '2018-05-09 00:00:00', 1),
('644192741617229', '93G73FMMTZ7IQ1W', '3379156882', NULL, 0, '', '', '', '2018-05-09 00:00:00', 1),
('G4YBUSMLAL', '2PLNXGCMFSZNWXI', 'NA', NULL, 0, 'Previous adjustment with software', 'NA', 'NA', '2018-05-10 00:00:00', 1),
('S97XG4QMDE', 'UPSH1QDDPBTRWOH', 'NA', NULL, 0, 'Previous adjustment with software', 'NA', 'NA', '2018-05-10 00:00:00', 1),
('128451996271385', 'UPSH1QDDPBTRWOH', '8237617442', NULL, 16, '', '', '', '2018-05-10 00:00:00', 1),
('995533298138119', '2PLNXGCMFSZNWXI', '7734775411', NULL, 890, '', '', '', '2018-05-10 00:00:00', 1),
('667414812353751', '2PLNXGCMFSZNWXI', '5122665896', NULL, 12, '', '', '', '2018-05-10 00:00:00', 1),
('GYDYNAORLA', '3OOO9FOQS5YZDH2', 'NA', NULL, 1300, 'Previous adjustment with software', 'NA', 'NA', '2018-05-11 00:00:00', 1);

-- --------------------------------------------------------

--
-- Table structure for table `daily_banking_add`
--

CREATE TABLE `daily_banking_add` (
  `banking_id` varchar(255) NOT NULL,
  `date` datetime NOT NULL,
  `bank_id` varchar(100) NOT NULL,
  `deposit_type` varchar(255) NOT NULL,
  `transaction_type` varchar(255) NOT NULL,
  `description` text NOT NULL,
  `amount` int(11) NOT NULL,
  `status` int(2) NOT NULL
) ENGINE=InnoDB DEFAULT CHARSET=utf8;

-- --------------------------------------------------------

--
-- Table structure for table `daily_closing`
--

CREATE TABLE `daily_closing` (
  `closing_id` varchar(255) NOT NULL,
  `last_day_closing` int(11) NOT NULL,
  `cash_in` int(11) NOT NULL,
  `cash_out` int(11) NOT NULL,
  `date` datetime NOT NULL,
  `amount` int(11) NOT NULL,
  `adjustment` int(11) NOT NULL,
  `status` int(2) NOT NULL
) ENGINE=InnoDB DEFAULT CHARSET=utf8;

--
-- Dumping data for table `daily_closing`
--

INSERT INTO `daily_closing` (`closing_id`, `last_day_closing`, `cash_in`, `cash_out`, `date`, `amount`, `adjustment`, `status`) VALUES
('WFx00H9vP7SpZ0N', 0, 43543534, 7878778, '2017-03-30 12:48:37', 35664756, 0, 1),
('D5shdsn8wYb8Hct', 35664756, 0, 0, '2017-04-18 10:49:42', 35664756, 2, 1);

-- --------------------------------------------------------

--
-- Table structure for table `head_office_deposit`
--

CREATE TABLE `head_office_deposit` (
  `transection_id` varchar(200) NOT NULL,
  `tracing_id` varchar(200) NOT NULL,
  `payment_type` varchar(10) NOT NULL,
  `date` datetime NOT NULL,
  `amount` int(10) NOT NULL,
  `description` varchar(255) NOT NULL,
  `status` int(5) NOT NULL
) ENGINE=InnoDB DEFAULT CHARSET=utf8;

-- --------------------------------------------------------

--
-- Table structure for table `invoice`
--

CREATE TABLE `invoice` (
  `invoice_id` varchar(100) NOT NULL,
  `customer_id` varchar(100) NOT NULL,
  `date` datetime NOT NULL,
  `total_amount` int(11) NOT NULL,
  `invoice` varchar(255) NOT NULL,
  `status` int(2) NOT NULL
) ENGINE=MyISAM DEFAULT CHARSET=utf8;

--
-- Dumping data for table `invoice`
--

INSERT INTO `invoice` (`invoice_id`, `customer_id`, `date`, `total_amount`, `invoice`, `status`) VALUES
('3887411773', '9UCBIDFDWLRTLEE', '2017-04-05 00:00:00', 200, '1000', 1),
('8764464745', '93G73FMMTZ7IQ1W', '2017-04-11 00:00:00', 600, '1001', 1),
('2865224739', 'UPEIHPBKHJVV9C7', '2017-04-11 00:00:00', 600, '1002', 1),
('8393718837', 'UPEIHPBKHJVV9C7', '2017-04-11 00:00:00', 2500, '1003', 1),
('6382139238', 'UPEIHPBKHJVV9C7', '2017-04-17 00:00:00', 1917, '1004', 1),
('3436948295', 'UPEIHPBKHJVV9C7', '2017-04-17 00:00:00', 12, '1005', 1),
('9598355759', 'UPEIHPBKHJVV9C7', '2017-04-18 00:00:00', 810, '1006', 1),
('5161744482', 'UPEIHPBKHJVV9C7', '2017-04-18 00:00:00', 200, '1007', 1),
('8939863753', 'UPEIHPBKHJVV9C7', '2017-04-18 00:00:00', 200, '1008', 1),
('8133241233', 'UPEIHPBKHJVV9C7', '2017-04-18 00:00:00', 0, '1009', 1),
('6165263115', 'C6QVMS7TJXS66MZ', '2017-04-18 00:00:00', 500, '1010', 1),
('5588998834', 'LUBO5P6PVXOT31Y', '2017-04-18 00:00:00', 500, '1011', 1),
('3368754496', 'LUBO5P6PVXOT31Y', '2017-04-18 00:00:00', 305, '1012', 1),
('8186445426', 'LUBO5P6PVXOT31Y', '2017-04-18 00:00:00', 12, '1013', 1),
('8537475376', 'ITYTKKFVLBUEYON', '2017-04-18 00:00:00', 10490, '1014', 1),
('5398294526', '93G73FMMTZ7IQ1W', '2017-04-19 00:00:00', 400, '1015', 1),
('1715493788', 'C6QVMS7TJXS66MZ', '2017-04-19 00:00:00', 1995, '1018', 1),
('4558415141', 'HAB4KIIE89YFME9', '2017-04-19 00:00:00', 1575, '1017', 1),
('4121841666', '35SSXK8R383XXIG', '2017-04-19 00:00:00', 374, '1019', 1),
('9295268317', 'HAB4KIIE89YFME9', '2018-04-27 00:00:00', 0, '1020', 1),
('8383717248', 'KHDCUX58RY6XJ3T', '2018-05-02 00:00:00', 110, '1021', 1),
('6763231741', '35SSXK8R383XXIG', '2018-05-05 00:00:00', 1562, '1022', 1),
('3379156882', '93G73FMMTZ7IQ1W', '2018-05-09 00:00:00', 0, '1023', 1),
('8237617442', 'UPSH1QDDPBTRWOH', '2018-05-10 00:00:00', 16, '1024', 1),
('7734775411', '2PLNXGCMFSZNWXI', '2018-05-10 00:00:00', 890, '1025', 1),
('5122665896', '2PLNXGCMFSZNWXI', '2018-05-10 00:00:00', 12, '1026', 1);

-- --------------------------------------------------------

--
-- Table structure for table `invoice_details`
--

CREATE TABLE `invoice_details` (
  `invoice_details_id` varchar(100) NOT NULL,
  `invoice_id` varchar(100) NOT NULL,
  `product_id` varchar(100) NOT NULL,
  `cartoon` int(11) DEFAULT NULL,
  `quantity` int(8) NOT NULL,
  `rate` int(8) NOT NULL,
  `supplier_rate` int(10) DEFAULT NULL,
  `total_price` int(11) NOT NULL,
  `discount` int(250) DEFAULT NULL,
  `tax` int(11) DEFAULT NULL,
  `paid_amount` int(11) DEFAULT '0',
  `due_amount` int(11) NOT NULL DEFAULT '0',
  `status` int(2) NOT NULL
) ENGINE=MyISAM DEFAULT CHARSET=utf8;

--
-- Dumping data for table `invoice_details`
--

INSERT INTO `invoice_details` (`invoice_details_id`, `invoice_id`, `product_id`, `cartoon`, `quantity`, `rate`, `supplier_rate`, `total_price`, `discount`, `tax`, `paid_amount`, `due_amount`, `status`) VALUES
('922525247675172', '3887411773', '83873176', NULL, 1, 200, 150, 200, 0, 0, 0, 200, 1),
('151236993448712', '8764464745', '74879464', NULL, 3, 200, 150, 600, 0, 0, 0, 600, 1),
('122598784296679', '2865224739', '74879464', NULL, 4, 200, 150, 600, 200, 0, 600, 0, 1),
('335387126486269', '8393718837', '21887371', NULL, 5, 500, 300, 2500, 0, 0, 0, 2500, 1),
('434426759343263', '3436948295', '39161423', NULL, 1, 12, 10, 12, 0, 0, 0, 12, 1),
('133865461435773', '5161744482', '74879464', NULL, 1, 200, 150, 200, 0, 0, 0, 200, 1),
('674392294171445', '8939863753', '74879464', NULL, 3, 200, 150, 200, 0, 0, 1000, -800, 1),
('858169776282583', '6165263115', '21887371', NULL, 6, 500, 300, 500, 0, 0, 0, 500, 1),
('639243682572464', '5588998834', '21887371', NULL, 1, 500, 300, 500, 0, 0, 0, 500, 1),
('691584382826468', '8186445426', '39161423', NULL, 1, 12, 10, 12, 0, 0, 0, 12, 1),
('478112777586158', '8537475376', '21887371', NULL, 21, 500, 300, 10490, 10, 0, 0, 10490, 1),
('662929458377638', '5398294526', '74879464', NULL, 2, 200, 150, 400, 0, 0, 0, 400, 1),
('148937473224627', '4558415141', '47323949', NULL, 3, 500, 100, 1500, 0, 75, 0, 1575, 1),
('356652723262439', '1715493788', '74879464', NULL, 10, 200, 150, 1995, 5, 0, 0, 1995, 1),
('288927439413478', '4121841666', '63666625', NULL, 4, 89, 80, 356, 0, 18, 374, 0, 1),
('453264741153136', '6763231741', '', NULL, 2, 500, NULL, 1000, 0, 50, 0, 1562, 1),
('383887551827458', '7734775411', '58798434', NULL, 1, 900, 890, 890, 10, 0, 0, 890, 1),
('599453965121591', '5122665896', '39161423', NULL, 1, 12, 10, 12, 0, 0, 10, 2, 1);

-- --------------------------------------------------------

--
-- Table structure for table `language`
--

CREATE TABLE `language` (
  `id` int(11) UNSIGNED NOT NULL,
  `phrase` text NOT NULL,
  `english` text,
  `bangla` text,
  `uzbek` text,
  `franais` text,
  `french` text
) ENGINE=InnoDB DEFAULT CHARSET=utf8;

--
-- Dumping data for table `language`
--

INSERT INTO `language` (`id`, `phrase`, `english`, `bangla`, `uzbek`, `franais`, `french`) VALUES
(1, 'user_profile', 'User Profile', NULL, '', '', ''),
(2, 'setting', 'Setting', NULL, '', '', ''),
(3, 'language', 'Language', NULL, '', '', ''),
(4, 'manage_users', 'Manage Users', NULL, '', '', ''),
(5, 'add_user', 'Add User', NULL, '', '', ''),
(6, 'manage_company', 'Manage Company', NULL, '', '', ''),
(7, 'web_settings', 'Software Settings', NULL, '', '', ''),
(8, 'manage_accounts', 'Manage Accounts', NULL, '', '', ''),
(9, 'create_accounts', 'Create Accounts', NULL, '', '', ''),
(10, 'manage_bank', 'Manage Bank', NULL, '', '', ''),
(11, 'add_new_bank', 'Add New Bank', NULL, '', '', ''),
(12, 'settings', 'Bank', NULL, '', '', ''),
(13, 'closing_report', 'Closing Report', NULL, '', '', ''),
(14, 'closing', 'Closing', NULL, '', '', ''),
(15, 'cheque_manager', 'Cheque Manager', NULL, '', '', ''),
(16, 'accounts_summary', 'Accounts Summary', NULL, '', '', ''),
(17, 'expense', 'Expense', NULL, '', '', ''),
(18, 'income', 'Income', NULL, '', '', ''),
(19, 'accounts', 'Accounts', NULL, 'Profillar', 'Comptes', ''),
(20, 'stock_report', 'Stock Report', NULL, '', '', ''),
(21, 'stock', 'Stock', NULL, '', '', ''),
(22, 'pos_invoice', 'POS Invoice', NULL, '', '', ''),
(23, 'manage_invoice', 'Manage Invoice ', NULL, '', '', ''),
(24, 'new_invoice', 'New Invoice', NULL, '', '', ''),
(25, 'invoice', 'Invoice', NULL, '', '', ''),
(26, 'manage_purchase', 'Manage Purchase', NULL, '', '', ''),
(27, 'add_purchase', 'Add Purchase', NULL, '', '', ''),
(28, 'purchase', 'Purchase', NULL, '', '', ''),
(29, 'paid_customer', 'Paid Customer', NULL, '', '', ''),
(30, 'manage_customer', 'Manage Customer', NULL, '', '', ''),
(31, 'add_customer', 'Add Customer', NULL, '', '', ''),
(32, 'customer', 'Customer', NULL, '', '', ''),
(33, 'supplier_payment_actual', 'Supplier Payment Actual', NULL, '', '', ''),
(34, 'supplier_sales_summary', 'Supplier Sales Summary', NULL, '', '', ''),
(35, 'supplier_sales_details', 'Supplier Sales Details', NULL, '', '', ''),
(36, 'supplier_ledger', 'Supplier Ledger', NULL, '', '', ''),
(37, 'manage_supplier', 'Manage Supplier', NULL, '', '', ''),
(38, 'add_supplier', 'Add Supplier', NULL, '', '', ''),
(39, 'supplier', 'Supplier', NULL, '', '', ''),
(40, 'product_statement', 'Meidicine Statement', NULL, '', '', ''),
(41, 'manage_product', 'Manage Medicine', NULL, '', '', ''),
(42, 'add_product', 'Add Medicine', NULL, '', '', ''),
(43, 'product', 'Medicine', NULL, '', '', ''),
(44, 'manage_category', 'Manage Category', NULL, '', '', ''),
(45, 'add_category', 'Add Category', NULL, '', '', ''),
(46, 'category', 'Category', NULL, '', '', ''),
(47, 'sales_report_product_wise', 'Sales Report (Medicine Wise)', NULL, '', '', ''),
(48, 'purchase_report', 'Purchase Report', NULL, '', '', ''),
(49, 'sales_report', 'Sales Report', NULL, '', '', ''),
(50, 'todays_report', 'Todays Report', NULL, '', '', ''),
(51, 'report', 'Report', NULL, '', '', ''),
(52, 'dashboard', 'Dashboard', NULL, '', '', ''),
(53, 'online', 'Online', NULL, '', '', ''),
(54, 'logout', 'Logout', NULL, '', '', ''),
(56, 'total_purchase', 'Total Purchase', NULL, '', '', ''),
(57, 'total_amount', 'Total Ammount', NULL, '', '', ''),
(58, 'supplier_name', 'Supplier Name', NULL, '', '', ''),
(59, 'invoice_no', 'Invoice No', NULL, '', '', ''),
(60, 'purchase_date', 'Purchase Date', NULL, '', '', ''),
(61, 'todays_purchase_report', 'Todays Purchase Report', NULL, '', '', ''),
(62, 'total_sales', 'Total Sales', NULL, '', '', ''),
(63, 'customer_name', 'Customer Name', NULL, '', '', ''),
(64, 'sales_date', 'Sales Date', NULL, '', '', ''),
(65, 'todays_sales_report', 'Todays Sales Report', NULL, '', '', ''),
(66, 'home', 'Home', NULL, '', '', ''),
(67, 'todays_sales_and_purchase_report', 'Todays sales and purchase report', NULL, '', '', ''),
(68, 'total_ammount', 'Total Ammount', NULL, '', '', ''),
(69, 'rate', 'Rate', NULL, '', '', ''),
(70, 'product_model', 'Batch No', NULL, '', '', ''),
(71, 'product_name', 'Medicine Name', NULL, '', '', ''),
(72, 'search', 'Search', NULL, '', '', ''),
(73, 'end_date', 'End Date', NULL, '', '', ''),
(74, 'start_date', 'Start Date', NULL, '', '', ''),
(75, 'total_purchase_report', 'Total Purchase Report', NULL, '', '', ''),
(76, 'total_sales_report', 'Total Sales Report', NULL, '', '', ''),
(77, 'total_seles', 'Total Sales', NULL, '', '', ''),
(78, 'all_stock_report', 'All Stock Report', NULL, '', '', ''),
(79, 'search_by_product', 'Search By Medicine', NULL, '', '', ''),
(80, 'date', 'Date', NULL, '', '', ''),
(81, 'print', 'Print', NULL, '', '', ''),
(82, 'stock_date', 'Stock Date', NULL, '', '', ''),
(83, 'print_date', 'Print Date', NULL, '', '', ''),
(84, 'sales', 'Sales', NULL, '', '', ''),
(85, 'price', 'Price', NULL, '', '', ''),
(86, 'sl', 'SL.', NULL, '', '', ''),
(87, 'add_new_category', 'Add new category', NULL, '', '', ''),
(88, 'category_name', 'Category Name', NULL, '', '', ''),
(89, 'save', 'Save', NULL, '', '', ''),
(90, 'delete', 'Delete', NULL, '', '', ''),
(91, 'update', 'Update', NULL, '', '', ''),
(92, 'action', 'Action', NULL, '', '', ''),
(93, 'manage_your_category', 'Manage your category ', NULL, '', '', ''),
(94, 'category_edit', 'Category Edit', NULL, '', '', ''),
(95, 'status', 'Status', NULL, '', '', ''),
(96, 'active', 'Active', NULL, '', '', ''),
(97, 'inactive', 'Inactive', NULL, '', '', ''),
(98, 'save_changes', 'Save Changes', NULL, '', '', ''),
(99, 'save_and_add_another', 'Save And Add Another', NULL, '', '', ''),
(100, 'model', 'Batch No', NULL, '', '', ''),
(101, 'supplier_price', 'Supplier Price', NULL, '', '', ''),
(102, 'sell_price', 'Sell Price', NULL, '', '', ''),
(103, 'image', 'Image', NULL, '', '', ''),
(104, 'select_one', 'Select One', NULL, '', '', ''),
(105, 'details', 'Details', NULL, '', '', ''),
(106, 'new_product', 'New Medicine', NULL, '', '', ''),
(107, 'add_new_product', 'Add new medicine', NULL, '', '', ''),
(108, 'barcode', 'Barcode', NULL, '', '', ''),
(109, 'qr_code', 'Qr-Code', NULL, '', '', ''),
(110, 'product_details', 'Medicine Details', NULL, '', '', ''),
(111, 'manage_your_product', 'Manage your medicine', NULL, '', '', ''),
(112, 'product_edit', 'Medicine Edit', NULL, '', '', ''),
(113, 'edit_your_product', 'Edit your medicine', NULL, '', '', ''),
(114, 'cancel', 'Cancel', NULL, '', '', ''),
(115, 'incl_vat', 'Incl. Vat', NULL, '', '', ''),
(116, 'money', 'TK', NULL, '', '', ''),
(117, 'grand_total', 'Grand Total', NULL, '', '', ''),
(118, 'quantity', 'Quantity', NULL, '', '', ''),
(119, 'product_report', 'Medicine Report', NULL, '', '', ''),
(120, 'product_sales_and_purchase_report', 'Medicine sales and purchase report', NULL, '', '', ''),
(121, 'previous_stock', 'Previous Stock', NULL, '', '', ''),
(122, 'out', 'Out', NULL, '', '', ''),
(123, 'in', 'In', NULL, '', '', ''),
(124, 'to', 'To', NULL, '', '', ''),
(125, 'previous_balance', 'Previous Balance', NULL, '', '', ''),
(126, 'customer_address', 'Customer Address', NULL, '', '', ''),
(127, 'customer_mobile', 'Customer Mobile', NULL, '', '', ''),
(128, 'customer_email', 'Customer Email', NULL, '', '', ''),
(129, 'add_new_customer', 'Add new customer', NULL, '', '', ''),
(130, 'balance', 'Balance', NULL, '', '', ''),
(131, 'mobile', 'Mobile', NULL, '', '', ''),
(132, 'address', 'Address', NULL, 'Manzil', '', ''),
(133, 'manage_your_customer', 'Manage your credit customer', NULL, '', '', ''),
(134, 'customer_edit', 'Customer Edit', NULL, '', '', ''),
(135, 'paid_customer_list', 'Paid Customer List', NULL, '', '', ''),
(136, 'ammount', 'Amount', NULL, '', '', ''),
(137, 'customer_ledger', 'Customer Ledger', NULL, '', '', ''),
(138, 'manage_customer_ledger', 'Manage Customer Ledger', NULL, '', '', ''),
(139, 'customer_information', 'Customer Information', NULL, '', '', ''),
(140, 'debit_ammount', 'Debit Ammount', NULL, '', '', ''),
(141, 'credit_ammount', 'Credit Ammount', NULL, '', '', ''),
(142, 'balance_ammount', 'Balance Ammount', NULL, '', '', ''),
(143, 'receipt_no', 'Receipt NO', NULL, '', '', ''),
(144, 'description', 'Description', NULL, '', '', ''),
(145, 'debit', 'Debit', NULL, '', '', ''),
(146, 'credit', 'Credit', NULL, '', '', ''),
(147, 'item_information', 'Item Information', NULL, '', '', ''),
(148, 'total', 'Total', NULL, '', '', ''),
(149, 'please_select_supplier', 'Please Select Supplier', NULL, '', '', ''),
(150, 'submit', 'Submit', NULL, '', '', ''),
(151, 'submit_and_add_another', 'Submit And Add Another One', NULL, '', '', ''),
(152, 'add_new_item', 'Add New Item', NULL, '', '', ''),
(153, 'manage_your_purchase', 'Manage your purchase', NULL, '', '', ''),
(154, 'purchase_edit', 'Purchase Edit', NULL, '', '', ''),
(155, 'purchase_ledger', 'Purchase Ledger', NULL, '', '', ''),
(156, 'invoice_information', 'Invoice Information', NULL, '', '', ''),
(157, 'paid_ammount', 'Paid Ammount', NULL, '', '', ''),
(158, 'discount', 'Discount', NULL, '', '', ''),
(159, 'save_and_paid', 'Save And Paid', NULL, '', '', ''),
(160, 'payee_name', 'Payee Name', NULL, '', '', ''),
(161, 'manage_your_invoice', 'Manage your invoice', NULL, '', '', ''),
(162, 'invoice_edit', 'Invoice Edit', NULL, '', '', ''),
(163, 'new_pos_invoice', 'New POS invoice', NULL, '', '', ''),
(164, 'add_new_pos_invoice', 'Add new pos invoice', NULL, '', '', ''),
(165, 'product_id', 'Medicine ID', NULL, '', '', ''),
(166, 'paid_amount', 'Paid Ammount', NULL, '', '', ''),
(167, 'authorised_by', 'Authorised By', NULL, '', '', ''),
(168, 'checked_by', 'Checked By', NULL, '', '', ''),
(169, 'received_by', 'Received By', NULL, '', '', ''),
(170, 'prepared_by', 'Prepared By', NULL, '', '', ''),
(171, 'memo_no', 'Memo No', NULL, '', '', ''),
(172, 'website', 'Website', NULL, '', '', ''),
(173, 'email', 'Email', NULL, '', '', ''),
(174, 'invoice_details', 'Invoice Details', NULL, '', '', ''),
(175, 'reset', 'Reset', NULL, '', '', ''),
(176, 'payment_account', 'Payment Account', NULL, '', '', ''),
(177, 'bank_name', 'Bank Name', NULL, '', '', ''),
(178, 'cheque_or_pay_order_no', 'Cheque/Pay Order No', NULL, '', '', ''),
(179, 'payment_type', 'Payment Type', NULL, '', '', ''),
(180, 'payment_from', 'Payment From', NULL, '', '', ''),
(181, 'payment_date', 'Payment Date', NULL, '', '', ''),
(182, 'add_income', 'Add Income', NULL, '', '', ''),
(183, 'cash', 'Cash', NULL, '', '', ''),
(184, 'cheque', 'Cheque', NULL, '', '', ''),
(185, 'pay_order', 'Pay Order', NULL, '', '', ''),
(186, 'payment_to', 'Payment To', NULL, '', '', ''),
(187, 'total_outflow_ammount', 'Total Outflow Report', NULL, '', '', ''),
(188, 'transections', 'Transections', NULL, '', '', ''),
(189, 'accounts_name', 'Accounts Name', NULL, '', '', ''),
(190, 'outflow_report', 'Expense Report', NULL, '', '', ''),
(191, 'inflow_report', 'Income Report', NULL, '', '', ''),
(192, 'all', 'All', NULL, '', '', ''),
(193, 'account', 'Account', NULL, 'Profil', 'Compte', ''),
(194, 'from', 'From', NULL, '', '', ''),
(195, 'account_summary_report', 'Account Summary Report', NULL, '', '', ''),
(196, 'search_by_date', 'Search By Date', NULL, '', '', ''),
(197, 'cheque_no', 'Cheque No', NULL, '', '', ''),
(198, 'name', 'Name', NULL, '', '', ''),
(199, 'closing_account', 'Closing Account', NULL, '', '', ''),
(200, 'close_your_account', 'Close your account', NULL, '', '', ''),
(201, 'last_day_closing', 'Last Day Closing', NULL, '', '', ''),
(202, 'cash_in', 'Cash In', NULL, '', '', ''),
(203, 'cash_out', 'Cash Out', NULL, '', '', ''),
(204, 'cash_in_hand', 'Cash In Hand', NULL, '', '', ''),
(205, 'add_new_bank', 'Add New Bank', NULL, '', '', ''),
(206, 'day_closing', 'Day Closing', NULL, '', '', ''),
(207, 'account_closing_report', 'Account Closing Report', NULL, '', '', ''),
(208, 'last_day_ammount', 'Last Day Ammount', NULL, '', '', ''),
(209, 'adjustment', 'Adjustment', NULL, '', '', ''),
(210, 'pay_type', 'Pay Type', NULL, '', '', ''),
(211, 'customer_or_supplier', 'Customer Or Supplier', NULL, '', '', ''),
(212, 'transection_id', 'Transections ID', NULL, '', '', ''),
(213, 'accounts_summary_report', 'Accounts Summary Report', NULL, '', '', ''),
(214, 'bank_list', 'Bank List', NULL, '', '', ''),
(215, 'bank_edit', 'Bank Edit', NULL, '', '', ''),
(216, 'debit_plus', 'Debit (+)', NULL, '', '', ''),
(217, 'credit_minus', 'Credit (-)', NULL, '', '', ''),
(218, 'account_name', 'Account Name', NULL, '', '', ''),
(219, 'account_type', 'Account Type', NULL, '', '', ''),
(220, 'account_real_name', 'Account Real Name', NULL, '', '', ''),
(221, 'manage_account', 'Manage Account', NULL, '', '', ''),
(222, 'company_name', 'Company Name', NULL, '', '', ''),
(223, 'edit_your_company_information', 'Edit your company information', NULL, '', '', ''),
(224, 'company_edit', 'Company Edit', NULL, '', '', ''),
(225, 'admin', 'Admin', NULL, '', '', ''),
(226, 'user', 'User', NULL, '', '', ''),
(227, 'password', 'Password', NULL, '', '', ''),
(228, 'last_name', 'Last Name', NULL, '', '', ''),
(229, 'first_name', 'First Name', NULL, '', '', ''),
(230, 'add_new_user_information', 'Add new user information', NULL, '', '', ''),
(231, 'user_type', 'User Type', NULL, '', '', ''),
(232, 'user_edit', 'User Edit', NULL, '', '', ''),
(233, 'rtr', 'RTR', NULL, '', '', ''),
(234, 'ltr', 'LTR', NULL, '', '', ''),
(235, 'ltr_or_rtr', 'LTR/RTR', NULL, '', '', ''),
(236, 'footer_text', 'Footer Text', NULL, '', '', ''),
(237, 'favicon', 'Favicon', NULL, '', '', ''),
(238, 'logo', 'Logo', NULL, '', '', ''),
(239, 'update_setting', 'Update Setting', NULL, '', '', ''),
(240, 'update_your_web_setting', 'Update your web setting', NULL, '', '', ''),
(241, 'login', 'Login', NULL, '', '', ''),
(242, 'your_strong_password', 'Your strong password', NULL, '', '', ''),
(243, 'your_unique_email', 'Your unique email', NULL, '', '', ''),
(244, 'please_enter_your_login_information', 'Please enter your login information.', NULL, '', '', ''),
(245, 'update_profile', 'Update Profile', NULL, '', '', ''),
(246, 'your_profile', 'Your Profile', NULL, 'Sizning profil', '', ''),
(247, 're_type_password', 'Re-Type Password', NULL, '', '', ''),
(248, 'new_password', 'New Password', NULL, '', '', ''),
(249, 'old_password', 'Old Password', NULL, '', '', ''),
(250, 'new_information', 'New Information', NULL, '', '', ''),
(251, 'old_information', 'Old Information', NULL, '', '', ''),
(252, 'change_your_information', 'Change your information', NULL, '', '', ''),
(253, 'change_your_profile', 'Change your profile', NULL, '', '', ''),
(254, 'profile', 'Profile', NULL, '', '', ''),
(255, 'wrong_username_or_password', 'Wrong User Name Or Password !', NULL, '', '', ''),
(256, 'successfully_updated', 'Successfully Updated.', NULL, '', '', ''),
(257, 'blank_field_does_not_accept', 'Blank Field Does Not Accept !', NULL, '', '', ''),
(258, 'successfully_changed_password', 'Successfully changed password.', NULL, '', '', ''),
(259, 'you_are_not_authorised_person', 'You are not authorised person !', NULL, '', '', ''),
(260, 'password_and_repassword_does_not_match', 'Passwor and re-password does not match !', NULL, '', '', ''),
(261, 'new_password_at_least_six_character', 'New Password At Least 6 Character.', NULL, '', '', ''),
(262, 'you_put_wrong_email_address', 'You put wrong email address !', NULL, '', '', ''),
(263, 'cheque_ammount_asjusted', 'Cheque amount adjusted.', NULL, '', '', ''),
(264, 'successfully_payment_paid', 'Successfully Payment Paid.', NULL, '', '', ''),
(265, 'successfully_added', 'Successfully Added.', NULL, '', '', ''),
(266, 'successfully_updated_2_closing_ammount_not_changeale', 'Successfully Updated -2. Note: Closing Ammount Not Changeable.', NULL, '', '', ''),
(267, 'successfully_payment_received', 'Successfully Payment Received.', NULL, '', '', ''),
(268, 'already_inserted', 'Already Inserted !', NULL, '', '', ''),
(269, 'successfully_delete', 'Successfully Delete.', NULL, '', '', ''),
(270, 'successfully_created', 'Successfully Created.', NULL, '', '', ''),
(271, 'logo_not_uploaded', 'Logo not uploaded !', NULL, '', '', ''),
(272, 'favicon_not_uploaded', 'Favicon not uploaded !', NULL, '', '', ''),
(273, 'supplier_mobile', 'Supplier Mobile', NULL, '', '', ''),
(274, 'supplier_address', 'Supplier Address', NULL, '', '', ''),
(275, 'supplier_details', 'Supplier Details', NULL, '', '', ''),
(276, 'add_new_supplier', 'Add New Supplier', NULL, '', '', ''),
(277, 'manage_suppiler', 'Manage Supplier', NULL, '', '', ''),
(278, 'manage_your_supplier', 'Manage your supplier', NULL, '', '', ''),
(279, 'manage_supplier_ledger', 'Manage supplier ledger', NULL, '', '', ''),
(280, 'invoice_id', 'Invoice ID', NULL, '', '', ''),
(281, 'deposite_id', 'Deposite ID', NULL, '', '', ''),
(282, 'supplier_actual_ledger', 'Supplier Actual Ledger', NULL, '', '', ''),
(283, 'supplier_information', 'Supplier Information', NULL, '', '', ''),
(284, 'event', 'Event', NULL, '', '', ''),
(285, 'add_new_income', 'Add New Income', NULL, '', '', ''),
(286, 'add_expese', 'Add Expense', NULL, '', '', ''),
(287, 'add_new_expense', 'Add New Expense', NULL, '', '', ''),
(288, 'total_inflow_ammount', 'Total Inflow Ammount', NULL, '', '', ''),
(289, 'create_new_invoice', 'Create New Invoice', NULL, '', '', ''),
(290, 'create_pos_invoice', 'Create POS Invoice', NULL, '', '', ''),
(291, 'total_profit', 'Total Profit', NULL, '', '', ''),
(292, 'monthly_progress_report', 'Monthly Progress Report', NULL, '', '', ''),
(293, 'total_invoice', 'Total Invoice', NULL, '', '', ''),
(294, 'account_summary', 'Account Summary', NULL, '', '', ''),
(295, 'total_supplier', 'Total Supplier', NULL, '', '', ''),
(296, 'total_product', 'Total Medicine', NULL, '', '', ''),
(297, 'total_customer', 'Total Customer', NULL, '', '', ''),
(298, 'supplier_edit', 'Supplier Edit', NULL, '', '', ''),
(299, 'add_new_invoice', 'Add New Invoice', NULL, '', '', ''),
(300, 'add_new_purchase', 'Add new purchase', NULL, '', '', ''),
(301, 'currency', 'Currency', NULL, '', '', ''),
(302, 'currency_position', 'Currency Position', NULL, '', '', ''),
(303, 'left', 'Left', NULL, '', '', ''),
(304, 'right', 'Right', NULL, '', '', ''),
(305, 'add_tax', 'Add Tax', NULL, '', '', ''),
(306, 'manage_tax', 'Manage Tax', NULL, '', '', ''),
(307, 'add_new_tax', 'Add new tax', NULL, '', '', ''),
(308, 'enter_tax', 'Enter Tax', NULL, '', '', ''),
(309, 'already_exists', 'Already Exists !', NULL, '', '', ''),
(310, 'successfully_inserted', 'Successfully Inserted.', NULL, '', '', ''),
(311, 'tax', 'Tax', NULL, '', '', ''),
(312, 'tax_edit', 'Tax Edit', NULL, '', '', ''),
(313, 'product_not_added', 'Medicine not added !', NULL, '', '', ''),
(314, 'total_tax', 'Total Tax', NULL, '', '', ''),
(315, 'manage_your_supplier_details', 'Manage your supplier details.', NULL, '', '', ''),
(316, 'invoice_description', 'Lorem Ipsum is simply dummy text of the printing and typesetting industry. Lorem Ipsum has been the industry\'s                                       standard dummy text ever since the 1500s, when an unknown printer took a galley of type and scrambled it to make a type specimen book.', NULL, '', '', ''),
(317, 'thank_you_for_choosing_us', 'Thank you very much for choosing us.', NULL, '', '', ''),
(318, 'billing_date', 'Billing Date', NULL, '', '', ''),
(319, 'billing_to', 'Billing To', NULL, '', '', ''),
(320, 'billing_from', 'Billing From', NULL, '', '', ''),
(321, 'you_cant_delete_this_product', 'Sorry !!  You can\'t delete this medicine.This medicine already used in calculation system!', NULL, '', '', ''),
(322, 'old_customer', 'Old Customer', NULL, '', '', ''),
(323, 'new_customer', 'New Customer', NULL, '', '', ''),
(324, 'new_supplier', 'New Supplier', NULL, '', '', ''),
(325, 'old_supplier', 'Old Supplier', NULL, '', '', ''),
(326, 'credit_customer', 'Credit Customer', NULL, '', '', ''),
(327, 'account_already_exists', 'This Account Already Exists !', NULL, '', '', ''),
(328, 'edit_income', 'Edit Income', NULL, '', '', ''),
(329, 'you_are_not_access_this_part', 'You are not authorised person !', NULL, '', '', ''),
(330, 'account_edit', 'Account Edit', NULL, '', '', ''),
(331, 'due', 'Due', NULL, '', '', ''),
(332, 'expense_edit', 'Expense Edit', NULL, '', '', ''),
(333, 'please_select_customer', 'Please select customer !', NULL, '', '', ''),
(334, 'profit_report', 'Profit Report', NULL, '', '', ''),
(335, 'total_profit_report', 'Total profit report', NULL, '', '', ''),
(336, 'please_enter_valid_captcha', 'Please enter valid captcha.', NULL, '', '', ''),
(337, 'category_not_selected', 'Category not selected.', NULL, '', '', ''),
(338, 'supplier_not_selected', 'Supplier not selected.', NULL, '', '', ''),
(339, 'please_select_product', 'Please select medicine.', NULL, '', '', ''),
(340, 'product_model_already_exist', 'Batch No already exist !', NULL, '', '', ''),
(341, 'invoice_logo', 'Invoice Logo', NULL, '', '', ''),
(342, 'available_quantity', 'Available Quantity', NULL, '', '', ''),
(343, 'you_can_not_buy_greater_than_available_quantity', 'You can not select grater than availale quantity !', NULL, '', '', ''),
(344, 'customer_details', 'Customer details', NULL, '', '', ''),
(345, 'manage_customer_details', 'Manage customer details.', NULL, '', '', ''),
(346, 'box_size', 'Box size', NULL, '', '', ''),
(347, 'expire_date', 'Expire Date', NULL, '', '', ''),
(348, 'product_location', 'Medicine location', NULL, '', '', ''),
(349, 'generic_name', 'Generic name', NULL, '', '', ''),
(350, 'payment_method', 'Payment Method', NULL, '', '', ''),
(351, 'card_no', 'Card no', NULL, '', '', ''),
(352, 'medicine', 'Medicine', NULL, '', '', ''),
(353, 'medicine_search', 'Medicine Search', NULL, '', '', ''),
(354, 'what_you_search', 'Enter what you search', NULL, '', '', ''),
(355, 'company', 'Company', NULL, '', '', ''),
(356, 'customer_search', 'Customer search', NULL, '', '', ''),
(357, 'invoice_search', 'Invoice search', NULL, '', '', ''),
(358, 'purchase_search', 'Purchase search', NULL, '', '', ''),
(359, 'daily_closing_report', 'Daily closing report.', NULL, '', '', ''),
(360, 'closing_search_report', 'Closing Search Report', NULL, '', '', ''),
(361, 'category_list', 'Category List', NULL, '', '', ''),
(362, 'company_list', 'Company List', NULL, '', '', ''),
(363, 'customers_list', 'Customer List', NULL, '', '', ''),
(364, 'credit_customer_list', 'Credit Customer List', NULL, '', '', ''),
(365, 'previous_balance_adjustment', 'Previous Balance Adjustment', NULL, '', '', ''),
(366, 'invoice_list', 'Invoice List', NULL, '', '', ''),
(367, 'add_pos_invoice', 'Add POS Invoice', NULL, '', '', ''),
(368, 'add_invoice', 'Add Invoice', NULL, '', '', ''),
(369, 'product_list', 'Medicine List', NULL, '', '', ''),
(370, 'purchases_list', 'Purchase List', NULL, '', '', ''),
(371, 'purchase_list', 'Purchase List', NULL, '', '', ''),
(372, 'stock_list', 'Stock List', NULL, '', '', ''),
(373, 'all_report', 'All Report', NULL, '', '', ''),
(374, 'daily_sales_report', 'Daily sales Report', NULL, '', '', ''),
(375, 'product_wise_sales_report', 'Medicine Wise Sales Report', NULL, '', '', ''),
(376, 'bank_update', 'Bank Update', NULL, '', '', ''),
(377, 'account_list', 'Account List', NULL, '', '', ''),
(378, 'supplier_list', 'Supplier List', NULL, '', '', ''),
(379, 'supplier_search_item', 'Supplier Search Item', NULL, '', '', ''),
(380, 'user_list', 'User List', NULL, '', '', ''),
(381, 'user_search_item', 'User Search Item', NULL, '', '', ''),
(382, 'change_password', 'Change Password', NULL, '', '', ''),
(383, 'admin_login_area', 'Admin Login Area', NULL, '', '', ''),
(384, 'accounts_inflow_form', 'Account income', NULL, '', '', ''),
(385, 'accounts_outflow_form', 'Accounts expense', NULL, '', '', ''),
(386, 'accounts_tax_form', 'Accounts Tax Form', NULL, '', '', ''),
(387, 'accounts_manage_tax', 'Accounts Manage Tax', NULL, '', '', ''),
(388, 'accounts_tax_edit', 'Accounts Tax Edit', NULL, '', '', ''),
(389, 'accounts_summary_data', 'Accounts Summary Data', NULL, '', '', ''),
(390, 'accounts_details_data', 'Accounts Details Data', NULL, '', '', ''),
(391, 'datewise_summary_data', 'Date wise Summary Data', NULL, '', '', ''),
(392, 'accounts_cheque_manager', 'Account Cheque Manager', NULL, '', '', ''),
(393, 'accounts_edit_data', 'Accounts Edit Data', NULL, '', '', ''),
(394, 'print_barcode', 'Print Barcode', NULL, '', '', ''),
(395, 'print_qrcode', 'Print Qrcode', NULL, '', '', ''),
(396, 'add_new_account', 'Add New Account', NULL, '', '', ''),
(397, 'table_edit', 'Table Edit', NULL, '', '', ''),
(0, 'captcha', 'Captcha', NULL, NULL, NULL, NULL),
(0, 'site_key', 'Site Key', NULL, NULL, NULL, NULL),
(0, 'secret_key', 'Secret Key', NULL, NULL, NULL, NULL);

-- --------------------------------------------------------

--
-- Table structure for table `outflow_ER7B9HC3EV`
--

CREATE TABLE `outflow_ER7B9HC3EV` (
  `transection_id` varchar(200) NOT NULL,
  `tracing_id` varchar(200) NOT NULL,
  `payment_type` varchar(10) NOT NULL,
  `date` datetime NOT NULL,
  `amount` int(10) NOT NULL,
  `description` varchar(255) NOT NULL,
  `status` int(5) NOT NULL
) ENGINE=InnoDB DEFAULT CHARSET=latin1;

--
-- Dumping data for table `outflow_ER7B9HC3EV`
--

INSERT INTO `outflow_ER7B9HC3EV` (`transection_id`, `tracing_id`, `payment_type`, `date`, `amount`, `description`, `status`) VALUES
('8A01WqQ5CZL4RTr', 'YS6APPSSL3OZOFK8YOZ2', '1', '2017-04-19 00:00:00', 123, 'Demo', 1);

-- --------------------------------------------------------

--
-- Table structure for table `payment_method`
--

CREATE TABLE `payment_method` (
  `id` int(11) NOT NULL,
  `payment_type` varchar(250) DEFAULT NULL,
  `card_no` varchar(250) DEFAULT NULL,
  `bank_name` varchar(100) DEFAULT NULL,
  `price` int(11) DEFAULT NULL
) ENGINE=InnoDB DEFAULT CHARSET=utf8;

-- --------------------------------------------------------

--
-- Table structure for table `product_category`
--

CREATE TABLE `product_category` (
  `id` int(11) NOT NULL,
  `category_id` varchar(255) DEFAULT NULL,
  `category_name` varchar(255) DEFAULT NULL,
  `status` int(11) NOT NULL
) ENGINE=InnoDB DEFAULT CHARSET=utf8;

--
-- Dumping data for table `product_category`
--

INSERT INTO `product_category` (`id`, `category_id`, `category_name`, `status`) VALUES
(1, '31XYLWEF6GQOUS5', 'Laxatives', 1),
(2, 'RT742TFRXITK86G', 'Leprostatics', 1),
(3, 'J92YBRWR546SEQH', 'Allergenics', 1),
(4, 'WHIBHKKV917FRTK', 'Amebicides', 1),
(5, 'DBB9RFJI9XWI7KD', 'Methylxanthines', 1),
(6, 'NVUOTK9153ERZQA', 'Antacids', 1),
(7, 'NIBPE5DPVVCVEEN', 'Nasal steroids', 1),
(8, '7PWNR3JA2C4I6XR', 'Antitussives', 1),
(9, 'YJI3PWF9UXS7IGD', 'Ophthalmic steroids', 1),
(10, 'FM1ZHX6UMPKMD4S', 'Otic anesthetics', 1),
(11, 'YYLZFCXAII4BGG7', 'Hallo', 1),
(12, 'LWP69ZGBXR83RQN', 'Tab', 1);

-- --------------------------------------------------------

--
-- Table structure for table `product_information`
--

CREATE TABLE `product_information` (
  `product_id` varchar(100) NOT NULL,
  `supplier_id` varchar(255) NOT NULL,
  `category_id` varchar(255) DEFAULT NULL,
  `product_name` varchar(255) NOT NULL,
  `generic_name` varchar(100) DEFAULT NULL,
  `box_size` varchar(100) DEFAULT NULL,
  `expire_date` varchar(100) DEFAULT NULL,
  `product_location` varchar(100) DEFAULT NULL,
  `price` int(8) NOT NULL,
  `supplier_price` int(10) DEFAULT NULL,
  `tax` float DEFAULT NULL,
  `product_model` varchar(100) NOT NULL,
  `product_details` varchar(255) NOT NULL,
  `image` varchar(255) DEFAULT NULL,
  `status` int(2) NOT NULL
) ENGINE=MyISAM DEFAULT CHARSET=utf8;

--
-- Dumping data for table `product_information`
--

INSERT INTO `product_information` (`product_id`, `supplier_id`, `category_id`, `product_name`, `generic_name`, `box_size`, `expire_date`, `product_location`, `price`, `supplier_price`, `tax`, `product_model`, `product_details`, `image`, `status`) VALUES
('74879464', 'VJDKS1FHXRGHTF3UYLU5', '31XYLWEF6GQOUS5', 'Magnesium citrate solution', 'magnesium citrate', '100', '2018-08-17', '12', 200, 150, 0, 'shirt-1', 'Clearing the bowels before tests or for treating constipation.\r\n\r\nMagnesium citrate solution is a laxative. It works by attracting and retaining water in the intestine, which allows the bowel to evacuate.', 'http://pharmacy.bdtask.com/my-assets/image/product/1fca00885da90a2dae03dbc5e1674f58.jpg', 1),
('21887371', 'YKGUA4VKM2O49G7EWMWW', 'WHIBHKKV917FRTK', 'Alinia', ' nitazoxanide', '300', '2019-05-10', '2', 500, 300, 0, 'p1234', 'Amebicides are agents that destroy or kill amebae. The different amebecides have different modes of action. They are used to eradicate the parasitic species of amebae in animals or humans.\r\n\r\n', 'http://pharmacy.bdtask.com/my-assets/image/product/c0f7e48144c7227f2d13ee0a7c78aad6.jpg', 1),
('78855364', 'YKGUA4VKM2O49G7EWMWW', 'J92YBRWR546SEQH', 'Grastek', 'timothy grass pollen allergen extract', '120', '2018-08-03', '4', 300, 280, 5, 'A009121', 'Allergenics are used for allergen immunotherapy to decrease the immune response to allergens . The allergenic is administered to the patient as an injection or sublingually in increasing doses with the treatment plan taking three to five years.', 'http://pharmacy.bdtask.com/my-assets/image/product/fdf4ddbb2b3371dbe38d5e3b3157bba6.jpg', 1),
('89667471', 'BE9ZYPUN979Z3DBN2RJT', 'WHIBHKKV917FRTK', 'Lamprene', 'clofazimine', '500', '2018-03-01', '11', 270, 260, 0, 'M009', 'Lorem ipsum dolor sit amet, consectetur adipiscing elit. Vivamus vitae volutpat magna, at volutpat elit. Sed at sodales enim. Sed pharetra consectetur orci in vehicula. Vestibulum nunc orci, ultrices ut mattis vel, hendrerit sed ante. Aliquam venenatis to', 'http://pharmacy.bdtask.com/my-assets/image/product/fdcb5b6f56e564556664c0f77e6ec7e4.JPG', 1),
('43531368', 'YS6APPSSL3OZOFK8YOZ2', 'YJI3PWF9UXS7IGD', 'Ozurdex', ' dexamethasone intravitreal implant ', '300', '2019-05-10', '2', 1000, 8900, 5, 'H002', 'Lorem ipsum dolor sit amet, consectetur adipiscing elit. Vivamus vitae volutpat magna, at volutpat elit. Sed at sodales enim. Sed pharetra consectetur orci in vehicula. Vestibulum nunc orci, ultrices ut mattis vel, hendrerit sed ante. Aliquam venenatis to', 'http://pharmacy.bdtask.com/my-assets/image/product/f1dbe46e2a71fef23373fc9b2eb7eca0.gif', 1),
('19228217', 'YS6APPSSL3OZOFK8YOZ2', 'DBB9RFJI9XWI7KD', 'Theo-24', 'theophylline', '260', '2019-05-10', '7', 1200, 1150, 0, 'H0012', 'Maecenas congue nunc vitae erat blandit rutrum. Nulla quis est vitae tellus tincidunt fermentum ac eu odio. Pellentesque habitant morbi tristique senectus et netus et malesuada fames ac turpis egestas. Curabitur id turpis a erat vestibulum laoreet. Nam so', 'http://pharmacy.bdtask.com/my-assets/image/product/f74f166b99d6763541fdc2ff30a86387.jpg', 1),
('58798434', 'YS6APPSSL3OZOFK8YOZ2', '7PWNR3JA2C4I6XR', 'Solotuss', 'carbetapentane ', '300', '2018-08-03', '3', 900, 890, 0, 'SS12341', 'Maecenas congue nunc vitae erat blandit rutrum. Nulla quis est vitae tellus tincidunt fermentum ac eu odio. Pellentesque habitant morbi tristique senectus et netus et malesuada fames ac turpis egestas. Curabitur id turpis a erat vestibulum laoreet. Nam so', 'http://pharmacy.bdtask.com/my-assets/image/product/763f65245786f30b464b991e7e915769.jpg', 1),
('39161423', 'YS6APPSSL3OZOFK8YOZ2', 'NVUOTK9153ERZQA', 'Acid Gone', 'aluminum hydroxide/magnesium carbonate', '100', '2019-03-22', '6', 12, 10, 0, 'TNsB4543', 'Antacids are a class of medicines that neutralize acid in the stomach. They contain ingredients such as aluminum, calcium, or magnesium which act as bases (alkalis) to counteract the stomach acid and lower pH. They work quickly and are used to relieve sym', 'http://pharmacy.bdtask.com/my-assets/image/product/8787481a76ac40034c6ea364ef79bb7d.jpg', 1),
('56468618', 'YS6APPSSL3OZOFK8YOZ2', 'NIBPE5DPVVCVEEN', 'Rhinocort', 'budesonide', '435', '2017-04-29', '5', 10, 4, 0, 'SNt45NSM345435', 'Nasal steroids (also called nasal corticosteroids) are medicines containing corticosteroids such as beclomethasone, budesonide, fluticasone, or triamcinolone in a preparation designed for nasal use.\r\n\r\nCorticosteroids are very effective at reducing inflam', 'http://pharmacy.bdtask.com/my-assets/image/product/fa22f359faeb6732eecd7f432312afc5.jpg', 1),
('45611874', 'YS6APPSSL3OZOFK8YOZ2', '', '', '', '', '', '', 2, 5, 0, '5', '', NULL, 1),
('53782949', 'YS6APPSSL3OZOFK8YOZ2', '', 'asdsad', 'dsad', '2', '2017-04-17', '', 3, 21, 0.15, '12', '', NULL, 1),
('47323949', 'YS6APPSSL3OZOFK8YOZ2', '', 'Napa', 'Nama', '23', '2017-04-19', 'self', 500, 100, 25, '123mnsd3', 'demo details', NULL, 1),
('63666625', 'YKGUA4VKM2O49G7EWMWW', 'NIBPE5DPVVCVEEN', 'Sibellium 10 mg', 'Sibellium 10 mg', '0', '2017-10-12', 'rack1', 89, 80, 4.45, '1234', 'Use for neuropathic', NULL, 1),
('99535698', 'B7K8QO4U81FGJ3X9MSD9', 'RT742TFRXITK86G', 'PAracitamole', '', '5', '2018-05-10', 'line', 100, 80, 10, '12345', 'h', NULL, 1),
('59719236', 'SHJ18FWDK4W7H8RAEECG', 'LWP69ZGBXR83RQN', 'Test1', 'Test2', '12', '2018-05-31', 'Test3', 20, 15, 1, '2', 'Afyjcd', NULL, 1),
('53747461', 'VJDKS1FHXRGHTF3UYLU5', 'LWP69ZGBXR83RQN', 'benipack4', 'benipack4', '10', '2018-05-31', 'a', 15, 14, 0.75, 'asd111', '', NULL, 1),
('55452849', 'ULMXNA8CZLA67DZR7A6X', 'LWP69ZGBXR83RQN', 'BENIPACK8', 'BENIPACK', '10', '2018-05-23', 'DDD', 10, 9, 0, '555', 'DDD', NULL, 1);

-- --------------------------------------------------------

--
-- Table structure for table `product_purchase`
--

CREATE TABLE `product_purchase` (
  `purchase_id` varchar(100) NOT NULL,
  `chalan_no` varchar(100) NOT NULL,
  `supplier_id` varchar(100) NOT NULL,
  `grand_total_amount` int(11) NOT NULL,
  `purchase_date` datetime NOT NULL,
  `purchase_details` text NOT NULL,
  `status` int(2) NOT NULL
) ENGINE=MyISAM DEFAULT CHARSET=utf8;

--
-- Dumping data for table `product_purchase`
--

INSERT INTO `product_purchase` (`purchase_id`, `chalan_no`, `supplier_id`, `grand_total_amount`, `purchase_date`, `purchase_details`, `status`) VALUES
('20170329132429', '123454576', 'VJDKS1FHXRGHTF3UYLU5', 7500, '2017-03-29 00:00:00', '', 1),
('20170330091606', '3453454', 'YKGUA4VKM2O49G7EWMWW', 20000, '2017-03-30 00:00:00', '', 1),
('20170330100711', '3475', 'YKGUA4VKM2O49G7EWMWW', 180000, '2017-03-30 00:00:00', 'lorem', 1),
('20170405134533', '5632463246326', 'VJDKS1FHXRGHTF3UYLU5', 300, '2017-04-05 00:00:00', '', 1),
('20170405134545', '626265', 'VJDKS1FHXRGHTF3UYLU5', 3450, '2017-04-05 00:00:00', '', 1),
('20170405134555', '45345435', 'VJDKS1FHXRGHTF3UYLU5', 8100, '2017-04-05 00:00:00', '', 1),
('20170411080028', '10099', 'YS6APPSSL3OZOFK8YOZ2', 934700, '2017-04-11 00:00:00', '', 1),
('20170411100559', '5677', 'YS6APPSSL3OZOFK8YOZ2', 5340000, '2017-04-11 00:00:00', '', 1),
('20170411104625', '123', 'VJDKS1FHXRGHTF3UYLU5', 15000, '2017-04-11 00:00:00', 'cxzv', 1),
('20170411104808', '1234', 'YKGUA4VKM2O49G7EWMWW', 30000, '2017-04-11 00:00:00', '', 1),
('20170417175437', '1122', 'YKGUA4VKM2O49G7EWMWW', 0, '2017-04-17 00:00:00', '', 1),
('20170419040128', '345343', 'YS6APPSSL3OZOFK8YOZ2', 210000, '2017-04-19 00:00:00', 'Demo', 1),
('20170419075224', '2222', 'YKGUA4VKM2O49G7EWMWW', 960, '2017-04-19 00:00:00', '', 1);

-- --------------------------------------------------------

--
-- Table structure for table `product_purchase_details`
--

CREATE TABLE `product_purchase_details` (
  `purchase_detail_id` varchar(100) NOT NULL,
  `purchase_id` varchar(100) NOT NULL,
  `product_id` varchar(100) NOT NULL,
  `quantity` int(11) NOT NULL,
  `rate` int(11) NOT NULL,
  `total_amount` int(11) NOT NULL,
  `status` int(11) NOT NULL
) ENGINE=MyISAM DEFAULT CHARSET=utf8;

--
-- Dumping data for table `product_purchase_details`
--

INSERT INTO `product_purchase_details` (`purchase_detail_id`, `purchase_id`, `product_id`, `quantity`, `rate`, `total_amount`, `status`) VALUES
('Wak4Qw3Yd7VPmLL', '20170329132429', '83873176', 50, 150, 7500, 1),
('D5Kn0W9QIZkJ4ps', '20170330091606', '88414862', 100, 200, 20000, 1),
('X4BVsyFDsW3JAni', '20170330100711', '91363948', 400, 450, 180000, 1),
('HRhQI9R15DXOCPL', '20170405134533', '83873176', 2, 150, 300, 1),
('5mvhzMUxc8Jwwa8', '20170405134545', '83873176', 23, 150, 3450, 1),
('2Pr831Y4JCl8hw4', '20170405134555', '83873176', 54, 150, 8100, 1),
('gOfS61v0RyygEQB', '20170411080028', '43531368', 100, 8900, 890000, 1),
('Ur5G6fs9i3aAmA1', '20170411080028', '58798434', 50, 890, 44500, 1),
('AhFfzAWk0nZyKeE', '20170411080028', '39161423', 20, 10, 200, 1),
('oQcbNWIXHuH5mfY', '20170411100559', '43531368', 600, 8900, 5340000, 1),
('JxmXuc4qILYAWhr', '20170411104625', '74879464', 100, 150, 15000, 1),
('rkEPXbbnCTileW', '20170411104808', '21887371', 100, 300, 30000, 1),
('TmkCoV8TOIYIe3W', '20170417175437', '21887371', 1, 300, 300, 1),
('WEbCG9nLhxOH7N9', '20170419040128', '47323949', 2100, 100, 210000, 1),
('iWSvqOWyLYaoSo2', '20170419075224', '63666625', 12, 80, 960, 1);

-- --------------------------------------------------------

--
-- Table structure for table `product_supplier`
--

CREATE TABLE `product_supplier` (
  `product_id` varchar(100) DEFAULT NULL,
  `product_name` varchar(255) DEFAULT NULL,
  `product_model` varchar(100) DEFAULT NULL,
  `supplier_id` varchar(100) DEFAULT NULL
) ENGINE=MyISAM DEFAULT CHARSET=latin1;

-- --------------------------------------------------------

--
-- Table structure for table `purchase_report`
--

CREATE TABLE `purchase_report` (
  `purchase_date` datetime DEFAULT NULL,
  `chalan_no` varchar(100) DEFAULT NULL,
  `supplier_id` varchar(100) DEFAULT NULL,
  `purchase_detail_id` varchar(100) DEFAULT NULL,
  `purchase_id` varchar(100) DEFAULT NULL,
  `product_id` varchar(100) DEFAULT NULL,
  `quantity` int(11) DEFAULT NULL,
  `rate` int(11) DEFAULT NULL,
  `total_amount` int(11) DEFAULT NULL,
  `status` int(11) DEFAULT NULL
) ENGINE=MyISAM DEFAULT CHARSET=latin1;

-- --------------------------------------------------------

--
-- Table structure for table `sales_actual`
--

CREATE TABLE `sales_actual` (
  `DATE` datetime DEFAULT NULL,
  `supplier_id` varchar(100) DEFAULT NULL,
  `sub_total` decimal(42,0) DEFAULT NULL,
  `no_transection` varchar(255) DEFAULT NULL
) ENGINE=MyISAM DEFAULT CHARSET=latin1;

-- --------------------------------------------------------

--
-- Table structure for table `sales_report`
--

CREATE TABLE `sales_report` (
  `date` datetime DEFAULT NULL,
  `invoice_id` varchar(100) DEFAULT NULL,
  `invoice_details_id` varchar(100) DEFAULT NULL,
  `customer_id` varchar(100) DEFAULT NULL,
  `supplier_id` varchar(100) DEFAULT NULL,
  `product_id` varchar(100) DEFAULT NULL,
  `product_model` varchar(100) DEFAULT NULL,
  `product_name` varchar(255) DEFAULT NULL,
  `cartoon` int(11) DEFAULT NULL,
  `quantity` int(8) DEFAULT NULL,
  `sell_rate` int(8) DEFAULT NULL,
  `supplier_rate` int(10) DEFAULT NULL
) ENGINE=MyISAM DEFAULT CHARSET=latin1;

-- --------------------------------------------------------

--
-- Table structure for table `stock_history`
--

CREATE TABLE `stock_history` (
  `vdate` datetime DEFAULT NULL,
  `product_id` varchar(100) DEFAULT NULL,
  `sell` decimal(32,0) DEFAULT NULL,
  `Purchase` decimal(32,0) DEFAULT NULL
) ENGINE=MyISAM DEFAULT CHARSET=latin1;

-- --------------------------------------------------------

--
-- Table structure for table `supplier_information`
--

CREATE TABLE `supplier_information` (
  `supplier_id` varchar(100) NOT NULL,
  `supplier_name` varchar(255) NOT NULL,
  `address` varchar(255) NOT NULL,
  `mobile` varchar(100) NOT NULL,
  `details` varchar(255) NOT NULL,
  `status` int(2) NOT NULL
) ENGINE=MyISAM DEFAULT CHARSET=utf8;

--
-- Dumping data for table `supplier_information`
--

INSERT INTO `supplier_information` (`supplier_id`, `supplier_name`, `address`, `mobile`, `details`, `status`) VALUES
('VJDKS1FHXRGHTF3UYLU5', 'New Supplier', '', '023424234', '', 1),
('YKGUA4VKM2O49G7EWMWW', 'Abdullah', '', '0234234234', '', 1),
('94KITM73FB6GBUDK22RJ', 'Tanzil Ahmad', '98 Green Road, Farmgate, Dhaka-1215', '01922296392', 'This is demo data.will update later', 1),
('YS6APPSSL3OZOFK8YOZ2', 'Maxiz Sanuka', 'South Ferri Ghat,Padma River,Chandpur', '0181111111111', 'Lorem ipsum dolor sit amet, consectetur adipiscing elit. Vivamus vitae volutpat magna, at volutpat elit. Sed at sodales enim. Sed pharetra consectetur orci in vehicula. Vestibulum nunc orci, ultrices ut mattis vel, hendrerit sed ante. Aliquam venenatis to', 1),
('1CFWC2V5US1EVAWJBA84', 'Murat Zadran', '98/A, East Lackx view,West Nkhali', '098712562747749', 'Lorem ipsum dolor sit amet, consectetur adipiscing elit. Vivamus vitae volutpat magna, at volutpat elit. Sed at sodales enim. Sed pharetra consectetur orci in vehicula. Vestibulum nunc orci, ultrices ut mattis vel, hendrerit sed ante. Aliquam venenatis to', 1),
('B7K8QO4U81FGJ3X9MSD9', 'Tawhid Khan', '98/A, East Lackx view,West Nkhali', '098712562747749', 'Lorem ipsum dolor sit amet, consectetur adipiscing elit. Vivamus vitae volutpat magna, at volutpat elit. Sed at sodales enim. Sed pharetra consectetur orci in vehicula. Vestibulum nunc orci, ultrices ut mattis vel, hendrerit sed ante. Aliquam venenatis to', 1),
('LA55786NFX8PCUFZ46EG', 'Sowkot Choudhury ', 'South Ferri Ghat,Padma River,Chandpur', '0181111111111', 'Lorem ipsum dolor sit amet, consectetur adipiscing elit. Vivamus vitae volutpat magna, at volutpat elit. Sed at sodales enim. Sed pharetra consectetur orci in vehicula. Vestibulum nunc orci, ultrices ut mattis vel, hendrerit sed ante. Aliquam venenatis to', 1),
('SHJ18FWDK4W7H8RAEECG', 'Xinan Huyanhu', '98/A, East Lackx view,West Nkhali', '0181111111111', 'Lorem ipsum dolor sit amet, consectetur adipiscing elit. Vivamus vitae volutpat magna, at volutpat elit. Sed at sodales enim. Sed pharetra consectetur orci in vehicula. Vestibulum nunc orci, ultrices ut mattis vel, hendrerit sed ante. Aliquam venenatis to', 1),
('BE9ZYPUN979Z3DBN2RJT', 'Alex Hard Nicoli', '231,East Patalipur,Sonamuri', '0181111111111', 'Lorem ipsum dolor sit amet, consectetur adipiscing elit. Vivamus vitae volutpat magna, at volutpat elit. Sed at sodales enim. Sed pharetra consectetur orci in vehicula. Vestibulum nunc orci, ultrices ut mattis vel, hendrerit sed ante. Aliquam venenatis to', 1),
('ULMXNA8CZLA67DZR7A6X', 'sai', '1111', '1111111', '5545465', 1);

-- --------------------------------------------------------

--
-- Table structure for table `supplier_ledger`
--

CREATE TABLE `supplier_ledger` (
  `transaction_id` varchar(100) NOT NULL,
  `supplier_id` varchar(100) NOT NULL,
  `chalan_no` varchar(100) DEFAULT NULL,
  `deposit_no` varchar(50) DEFAULT NULL,
  `amount` int(11) NOT NULL,
  `description` varchar(255) NOT NULL,
  `payment_type` varchar(255) NOT NULL,
  `cheque_no` varchar(255) NOT NULL,
  `date` datetime NOT NULL,
  `status` int(2) NOT NULL
) ENGINE=MyISAM DEFAULT CHARSET=utf8;

--
-- Dumping data for table `supplier_ledger`
--

INSERT INTO `supplier_ledger` (`transaction_id`, `supplier_id`, `chalan_no`, `deposit_no`, `amount`, `description`, `payment_type`, `cheque_no`, `date`, `status`) VALUES
('5vw6WZdgyVkDe4u', 'VJDKS1FHXRGHTF3UYLU5', NULL, 'zh0wUIyLjy', 124343, 'sdfs', '2', '', '2017-03-29 00:00:00', 0),
('20170329132429', 'VJDKS1FHXRGHTF3UYLU5', '123454576', NULL, 7500, '', '', '', '2017-03-29 00:00:00', 1),
('QWdymqsuUdsgrds', 'VJDKS1FHXRGHTF3UYLU5', NULL, 'PnKcXZbxWb', 323232, 'sdfsdf', '1', '', '2017-03-29 00:00:00', 1),
('bPdccyuAL7F6JFh', 'LW9WTNWCVI3LKRLON5V1', NULL, 'begha1lalF', 7878778, 'sdfsdfs', '1', '', '2017-03-30 00:00:00', 1),
('20170330091606', 'YKGUA4VKM2O49G7EWMWW', '3453454', NULL, 20000, '', '', '', '2017-03-30 00:00:00', 1),
('20170330100711', 'YKGUA4VKM2O49G7EWMWW', '3475', NULL, 180000, 'lorem', '', '', '2017-03-30 00:00:00', 1),
('20170405134533', 'VJDKS1FHXRGHTF3UYLU5', '5632463246326', NULL, 300, '', '', '', '2017-04-05 00:00:00', 1),
('20170405134545', 'VJDKS1FHXRGHTF3UYLU5', '626265', NULL, 3450, '', '', '', '2017-04-05 00:00:00', 1),
('20170405134555', 'VJDKS1FHXRGHTF3UYLU5', '45345435', NULL, 8100, '', '', '', '2017-04-05 00:00:00', 1),
('FhHll0TYnq5xqc3', 'LW9WTNWCVI3LKRLON5V1', NULL, 'uJLz7dokNr', 234324, 'dsfsd', '1', '', '2017-04-11 00:00:00', 1),
('20170411080028', 'YS6APPSSL3OZOFK8YOZ2', '10099', NULL, 934700, '', '', '', '2017-04-11 00:00:00', 1),
('20170411100559', 'YS6APPSSL3OZOFK8YOZ2', '5677', NULL, 5340000, '', '', '', '2017-04-11 00:00:00', 1),
('20170411104625', 'VJDKS1FHXRGHTF3UYLU5', '123', NULL, 15000, 'cxzv', '', '', '2017-04-11 00:00:00', 1),
('20170411104808', 'YKGUA4VKM2O49G7EWMWW', '1234', NULL, 30000, '', '', '', '2017-04-11 00:00:00', 1),
('20170417175437', 'YKGUA4VKM2O49G7EWMWW', '1122', NULL, 0, '', '', '', '2017-04-17 00:00:00', 1),
('20170419040128', 'YS6APPSSL3OZOFK8YOZ2', '345343', NULL, 210000, 'Demo', '', '', '2017-04-19 00:00:00', 1),
('20170419075224', 'YKGUA4VKM2O49G7EWMWW', '2222', NULL, 960, '', '', '', '2017-04-19 00:00:00', 1),
('8A01WqQ5CZL4RTr', 'YS6APPSSL3OZOFK8YOZ2', NULL, 'iSIJU7gogk', 123, 'Demo', '1', '', '2017-04-19 00:00:00', 1);

-- --------------------------------------------------------

--
-- Table structure for table `tax_information`
--

CREATE TABLE `tax_information` (
  `tax_id` int(11) NOT NULL,
  `tax` int(11) DEFAULT NULL,
  `status` int(11) DEFAULT NULL
) ENGINE=InnoDB DEFAULT CHARSET=utf8;

--
-- Dumping data for table `tax_information`
--

INSERT INTO `tax_information` (`tax_id`, `tax`, `status`) VALUES
(1, 0, NULL),
(2, 5, NULL),
(3, 10, NULL),
(4, 15, NULL),
(5, 20, NULL);

-- --------------------------------------------------------

--
-- Table structure for table `users`
--

CREATE TABLE `users` (
  `user_id` int(11) NOT NULL,
  `last_name` varchar(255) NOT NULL,
  `first_name` varchar(255) NOT NULL,
  `gender` int(2) NOT NULL,
  `date_of_birth` varchar(255) NOT NULL,
  `status` int(2) NOT NULL
) ENGINE=MyISAM DEFAULT CHARSET=utf8;

--
-- Dumping data for table `users`
--

INSERT INTO `users` (`user_id`, `last_name`, `first_name`, `gender`, `date_of_birth`, `status`) VALUES
(1, 'Akhmatovich', 'Alisher', 1, '', 1),
(11, 'Doe', 'John', 0, '', 0),
(12, 'Ahmed', 'Tanzil', 0, '', 1);

-- --------------------------------------------------------

--
-- Table structure for table `user_info`
--

CREATE TABLE `user_info` (
  `id` int(11) NOT NULL,
  `name` varchar(50) NOT NULL,
  `email` varchar(30) NOT NULL,
  `password` varchar(50) NOT NULL,
  `user_type` int(11) NOT NULL,
  `status` int(11) NOT NULL DEFAULT '1'
) ENGINE=InnoDB DEFAULT CHARSET=utf8;

-- --------------------------------------------------------

--
-- Table structure for table `user_login`
--

CREATE TABLE `user_login` (
  `user_id` int(11) NOT NULL,
  `username` varchar(255) NOT NULL,
  `password` varchar(255) NOT NULL,
  `user_type` int(2) NOT NULL,
  `security_code` varchar(255) NOT NULL,
  `status` int(2) NOT NULL
) ENGINE=MyISAM DEFAULT CHARSET=utf8;

--
-- Dumping data for table `user_login`
--

INSERT INTO `user_login` (`user_id`, `username`, `password`, `user_type`, `security_code`, `status`) VALUES
(1, 'test@test.com', '41d99b369894eb1ec3f461135132d8bb', 1, '', 1),
(11, 'jone.doe@gmail.com', '41d99b369894eb1ec3f461135132d8bb', 2, '', 1),
(12, 'tanzil4091@gmail.com', '41d99b369894eb1ec3f461135132d8bb', 2, '', 1);

-- --------------------------------------------------------

--
-- Table structure for table `web_setting`
--

CREATE TABLE `web_setting` (
  `setting_id` int(11) NOT NULL,
  `logo` varchar(255) DEFAULT NULL,
  `invoice_logo` varchar(255) DEFAULT NULL,
  `favicon` varchar(255) DEFAULT NULL,
  `currency` varchar(10) DEFAULT NULL,
  `currency_position` varchar(10) DEFAULT NULL,
  `footer_text` varchar(255) DEFAULT NULL,
  `language` varchar(255) DEFAULT NULL,
  `rtr` varchar(255) DEFAULT NULL,
  `captcha` int(11) NOT NULL DEFAULT '1',
  `site_key` varchar(200) DEFAULT NULL,
  `secret_key` varchar(200) DEFAULT NULL
) ENGINE=InnoDB DEFAULT CHARSET=utf8;

--
-- Dumping data for table `web_setting`
--

INSERT INTO `web_setting` (`setting_id`, `logo`, `invoice_logo`, `favicon`, `currency`, `currency_position`, `footer_text`, `language`, `rtr`, `captcha`, `site_key`, `secret_key`) VALUES
(1, 'http://pharmacy.bdtask.com/my-assets/image/logo/a269808b88a75c3cbc6e91f63b49cb38.png', 'http://pharmacy.bdtask.com/my-assets/image/logo/6c0a5bafa93b3472daa9c4fb633dd5a1.png', 'http://pharmacy.bdtask.com/my-assets/image/logo/5384d4c29117bdd6004c1f82b9ae0535.png', '$', '0', 'Copyright  2011-2017 ATA Group. All rights reserved.', 'english', '0', 1, '6LdiKhsUAAAAAMV4jQRmNYdZy2kXEuFe1HrdP5tt', '6LdiKhsUAAAAABH4BQCIvBar7Oqe-2LwDKxMSX-t');
COMMIT;

/*!40101 SET CHARACTER_SET_CLIENT=@OLD_CHARACTER_SET_CLIENT */;
/*!40101 SET CHARACTER_SET_RESULTS=@OLD_CHARACTER_SET_RESULTS */;
/*!40101 SET COLLATION_CONNECTION=@OLD_COLLATION_CONNECTION */;
